indicator_code,event_year,match_status,match_reason,event_count,indicator_year_event_total,event_rate
NY.GDP.PCAP.PP.KD,2000,exact_t_minus_1,t_minus_1_available,846,869,0.9735327963176065
NY.GDP.PCAP.PP.KD,2000,missing_within_backtrack_window,no_value_in_permitted_historical_window,14,869,0.01611047180667434
NY.GDP.PCAP.PP.KD,2000,unsupported_country,no_value_in_permitted_historical_window,9,869,0.010356731875719217
NY.GDP.PCAP.PP.KD,2001,exact_t_minus_1,t_minus_1_available,728,752,0.9680851063829787
NY.GDP.PCAP.PP.KD,2001,missing_within_backtrack_window,no_value_in_permitted_historical_window,12,752,0.015957446808510637
NY.GDP.PCAP.PP.KD,2001,unsupported_country,no_value_in_permitted_historical_window,12,752,0.015957446808510637
NY.GDP.PCAP.PP.KD,2002,exact_t_minus_1,t_minus_1_available,819,846,0.9680851063829787
NY.GDP.PCAP.PP.KD,2002,missing_within_backtrack_window,no_value_in_permitted_historical_window,19,846,0.022458628841607566
NY.GDP.PCAP.PP.KD,2002,unsupported_country,no_value_in_permitted_historical_window,8,846,0.009456264775413711
NY.GDP.PCAP.PP.KD,2003,exact_t_minus_1,t_minus_1_available,700,719,0.9735744089012517
NY.GDP.PCAP.PP.KD,2003,missing_within_backtrack_window,no_value_in_permitted_historical_window,14,719,0.019471488178025034
NY.GDP.PCAP.PP.KD,2003,unsupported_country,no_value_in_permitted_historical_window,5,719,0.006954102920723227
NY.GDP.PCAP.PP.KD,2004,exact_t_minus_1,t_minus_1_available,720,752,0.9574468085106383
NY.GDP.PCAP.PP.KD,2004,missing_within_backtrack_window,no_value_in_permitted_historical_window,21,752,0.027925531914893616
NY.GDP.PCAP.PP.KD,2004,unsupported_country,no_value_in_permitted_historical_window,11,752,0.014627659574468085
NY.GDP.PCAP.PP.KD,2005,exact_t_minus_1,t_minus_1_available,819,853,0.9601406799531067
NY.GDP.PCAP.PP.KD,2005,missing_within_backtrack_window,no_value_in_permitted_historical_window,21,853,0.0246189917936694
NY.GDP.PCAP.PP.KD,2005,unsupported_country,no_value_in_permitted_historical_window,13,853,0.015240328253223915
NY.GDP.PCAP.PP.KD,2006,exact_t_minus_1,t_minus_1_available,738,758,0.9736147757255936
NY.GDP.PCAP.PP.KD,2006,missing_within_backtrack_window,no_value_in_permitted_historical_window,11,758,0.014511873350923483
NY.GDP.PCAP.PP.KD,2006,unsupported_country,no_value_in_permitted_historical_window,9,758,0.011873350923482849
NY.GDP.PCAP.PP.KD,2007,exact_t_minus_1,t_minus_1_available,696,723,0.9626556016597511
NY.GDP.PCAP.PP.KD,2007,missing_within_backtrack_window,no_value_in_permitted_historical_window,18,723,0.024896265560165973
NY.GDP.PCAP.PP.KD,2007,unsupported_country,no_value_in_permitted_historical_window,9,723,0.012448132780082987
NY.GDP.PCAP.PP.KD,2008,exact_t_minus_1,t_minus_1_available,626,649,0.9645608628659477
NY.GDP.PCAP.PP.KD,2008,missing_within_backtrack_window,no_value_in_permitted_historical_window,17,649,0.026194144838212634
NY.GDP.PCAP.PP.KD,2008,unsupported_country,no_value_in_permitted_historical_window,6,649,0.009244992295839754
NY.GDP.PCAP.PP.KD,2009,exact_t_minus_1,t_minus_1_available,606,619,0.9789983844911146
NY.GDP.PCAP.PP.KD,2009,missing_within_backtrack_window,no_value_in_permitted_historical_window,10,619,0.01615508885298869
NY.GDP.PCAP.PP.KD,2009,unsupported_country,no_value_in_permitted_historical_window,3,619,0.004846526655896607
NY.GDP.PCAP.PP.KD,2010,exact_t_minus_1,t_minus_1_available,644,668,0.9640718562874252
NY.GDP.PCAP.PP.KD,2010,missing_within_backtrack_window,no_value_in_permitted_historical_window,18,668,0.02694610778443114
NY.GDP.PCAP.PP.KD,2010,unsupported_country,no_value_in_permitted_historical_window,6,668,0.008982035928143712
NY.GDP.PCAP.PP.KD,2011,exact_t_minus_1,t_minus_1_available,581,597,0.9731993299832495
NY.GDP.PCAP.PP.KD,2011,missing_within_backtrack_window,no_value_in_permitted_historical_window,15,597,0.02512562814070352
NY.GDP.PCAP.PP.KD,2011,unsupported_country,no_value_in_permitted_historical_window,1,597,0.0016750418760469012
NY.GDP.PCAP.PP.KD,2012,exact_t_minus_1,t_minus_1_available,543,560,0.9696428571428571
NY.GDP.PCAP.PP.KD,2012,missing_within_backtrack_window,no_value_in_permitted_historical_window,11,560,0.019642857142857142
NY.GDP.PCAP.PP.KD,2012,unsupported_country,no_value_in_permitted_historical_window,6,560,0.010714285714285714
NY.GDP.PCAP.PP.KD,2013,exact_t_minus_1,t_minus_1_available,534,549,0.9726775956284153
NY.GDP.PCAP.PP.KD,2013,missing_within_backtrack_window,no_value_in_permitted_historical_window,10,549,0.018214936247723135
NY.GDP.PCAP.PP.KD,2013,unsupported_country,no_value_in_permitted_historical_window,5,549,0.009107468123861567
NY.GDP.PCAP.PP.KD,2014,exact_t_minus_1,t_minus_1_available,536,547,0.979890310786106
NY.GDP.PCAP.PP.KD,2014,missing_within_backtrack_window,no_value_in_permitted_historical_window,6,547,0.010968921389396709
NY.GDP.PCAP.PP.KD,2014,unsupported_country,no_value_in_permitted_historical_window,5,547,0.009140767824497258
NY.GDP.PCAP.PP.KD,2015,exact_t_minus_1,t_minus_1_available,582,601,0.9683860232945092
NY.GDP.PCAP.PP.KD,2015,missing_within_backtrack_window,no_value_in_permitted_historical_window,14,601,0.02329450915141431
NY.GDP.PCAP.PP.KD,2015,unsupported_country,no_value_in_permitted_historical_window,5,601,0.008319467554076539
NY.GDP.PCAP.PP.KD,2016,exact_t_minus_1,t_minus_1_available,515,534,0.9644194756554307
NY.GDP.PCAP.PP.KD,2016,missing_within_backtrack_window,no_value_in_permitted_historical_window,13,534,0.024344569288389514
NY.GDP.PCAP.PP.KD,2016,unsupported_country,no_value_in_permitted_historical_window,6,534,0.011235955056179775
NY.GDP.PCAP.PP.KD,2017,exact_t_minus_1,t_minus_1_available,526,544,0.9669117647058824
NY.GDP.PCAP.PP.KD,2017,missing_within_backtrack_window,no_value_in_permitted_historical_window,11,544,0.02022058823529412
NY.GDP.PCAP.PP.KD,2017,unsupported_country,no_value_in_permitted_historical_window,7,544,0.012867647058823529
NY.GDP.PCAP.PP.KD,2018,exact_t_minus_1,t_minus_1_available,478,497,0.9617706237424547
NY.GDP.PCAP.PP.KD,2018,missing_within_backtrack_window,no_value_in_permitted_historical_window,15,497,0.030181086519114688
NY.GDP.PCAP.PP.KD,2018,unsupported_country,no_value_in_permitted_historical_window,4,497,0.008048289738430584
NY.GDP.PCAP.PP.KD,2019,exact_t_minus_1,t_minus_1_available,591,608,0.9720394736842105
NY.GDP.PCAP.PP.KD,2019,missing_within_backtrack_window,no_value_in_permitted_historical_window,16,608,0.02631578947368421
NY.GDP.PCAP.PP.KD,2019,unsupported_country,no_value_in_permitted_historical_window,1,608,0.001644736842105263
NY.GDP.PCAP.PP.KD,2020,exact_t_minus_1,t_minus_1_available,501,515,0.9728155339805825
NY.GDP.PCAP.PP.KD,2020,missing_within_backtrack_window,no_value_in_permitted_historical_window,11,515,0.021359223300970873
NY.GDP.PCAP.PP.KD,2020,unsupported_country,no_value_in_permitted_historical_window,3,515,0.005825242718446602
NY.GDP.PCAP.PP.KD,2021,exact_t_minus_1,t_minus_1_available,570,588,0.9693877551020408
NY.GDP.PCAP.PP.KD,2021,missing_within_backtrack_window,no_value_in_permitted_historical_window,13,588,0.022108843537414966
NY.GDP.PCAP.PP.KD,2021,unsupported_country,no_value_in_permitted_historical_window,5,588,0.008503401360544218
NY.GDP.PCAP.PP.KD,2022,exact_t_minus_1,t_minus_1_available,571,594,0.9612794612794613
NY.GDP.PCAP.PP.KD,2022,missing_within_backtrack_window,no_value_in_permitted_historical_window,18,594,0.030303030303030304
NY.GDP.PCAP.PP.KD,2022,unsupported_country,no_value_in_permitted_historical_window,5,594,0.008417508417508417
NY.GDP.PCAP.PP.KD,2023,exact_t_minus_1,t_minus_1_available,596,612,0.9738562091503268
NY.GDP.PCAP.PP.KD,2023,missing_within_backtrack_window,no_value_in_permitted_historical_window,12,612,0.0196078431372549
NY.GDP.PCAP.PP.KD,2023,unsupported_country,no_value_in_permitted_historical_window,4,612,0.006535947712418301
NY.GDP.PCAP.PP.KD,2024,backtracked_1_year,t_minus_1_value_missing,2,603,0.003316749585406302
NY.GDP.PCAP.PP.KD,2024,exact_t_minus_1,t_minus_1_available,577,603,0.956882255389718
NY.GDP.PCAP.PP.KD,2024,missing_within_backtrack_window,no_value_in_permitted_historical_window,16,603,0.026533996683250415
NY.GDP.PCAP.PP.KD,2024,unsupported_country,no_value_in_permitted_historical_window,8,603,0.013266998341625208
NY.GDP.PCAP.PP.KD,2025,backtracked_1_year,reference_year_after_download_range,513,540,0.95
NY.GDP.PCAP.PP.KD,2025,backtracked_2_years,reference_year_after_download_range,5,540,0.009259259259259259
NY.GDP.PCAP.PP.KD,2025,missing_within_backtrack_window,reference_year_after_download_range,14,540,0.025925925925925925
NY.GDP.PCAP.PP.KD,2025,unsupported_country,reference_year_after_download_range,8,540,0.014814814814814815
NY.GDP.PCAP.PP.KD,2026,backtracked_2_years,reference_year_after_download_range,154,161,0.9565217391304348
NY.GDP.PCAP.PP.KD,2026,backtracked_3_years,reference_year_after_download_range,2,161,0.012422360248447204
NY.GDP.PCAP.PP.KD,2026,missing_within_backtrack_window,reference_year_after_download_range,5,161,0.031055900621118012
SP.POP.TOTL,2000,exact_t_minus_1,t_minus_1_available,860,869,0.9896432681242808
SP.POP.TOTL,2000,unsupported_country,no_value_in_permitted_historical_window,9,869,0.010356731875719217
SP.POP.TOTL,2001,exact_t_minus_1,t_minus_1_available,740,752,0.9840425531914894
SP.POP.TOTL,2001,unsupported_country,no_value_in_permitted_historical_window,12,752,0.015957446808510637
SP.POP.TOTL,2002,exact_t_minus_1,t_minus_1_available,838,846,0.9905437352245863
SP.POP.TOTL,2002,unsupported_country,no_value_in_permitted_historical_window,8,846,0.009456264775413711
SP.POP.TOTL,2003,exact_t_minus_1,t_minus_1_available,714,719,0.9930458970792768
SP.POP.TOTL,2003,unsupported_country,no_value_in_permitted_historical_window,5,719,0.006954102920723227
SP.POP.TOTL,2004,exact_t_minus_1,t_minus_1_available,741,752,0.9853723404255319
SP.POP.TOTL,2004,unsupported_country,no_value_in_permitted_historical_window,11,752,0.014627659574468085
SP.POP.TOTL,2005,exact_t_minus_1,t_minus_1_available,840,853,0.984759671746776
SP.POP.TOTL,2005,unsupported_country,no_value_in_permitted_historical_window,13,853,0.015240328253223915
SP.POP.TOTL,2006,exact_t_minus_1,t_minus_1_available,749,758,0.9881266490765171
SP.POP.TOTL,2006,unsupported_country,no_value_in_permitted_historical_window,9,758,0.011873350923482849
SP.POP.TOTL,2007,exact_t_minus_1,t_minus_1_available,714,723,0.9875518672199171
SP.POP.TOTL,2007,unsupported_country,no_value_in_permitted_historical_window,9,723,0.012448132780082987
SP.POP.TOTL,2008,exact_t_minus_1,t_minus_1_available,643,649,0.9907550077041603
SP.POP.TOTL,2008,unsupported_country,no_value_in_permitted_historical_window,6,649,0.009244992295839754
SP.POP.TOTL,2009,exact_t_minus_1,t_minus_1_available,616,619,0.9951534733441034
SP.POP.TOTL,2009,unsupported_country,no_value_in_permitted_historical_window,3,619,0.004846526655896607
SP.POP.TOTL,2010,exact_t_minus_1,t_minus_1_available,662,668,0.9910179640718563
SP.POP.TOTL,2010,unsupported_country,no_value_in_permitted_historical_window,6,668,0.008982035928143712
SP.POP.TOTL,2011,exact_t_minus_1,t_minus_1_available,596,597,0.998324958123953
SP.POP.TOTL,2011,unsupported_country,no_value_in_permitted_historical_window,1,597,0.0016750418760469012
SP.POP.TOTL,2012,exact_t_minus_1,t_minus_1_available,554,560,0.9892857142857143
SP.POP.TOTL,2012,unsupported_country,no_value_in_permitted_historical_window,6,560,0.010714285714285714
SP.POP.TOTL,2013,exact_t_minus_1,t_minus_1_available,544,549,0.9908925318761385
SP.POP.TOTL,2013,unsupported_country,no_value_in_permitted_historical_window,5,549,0.009107468123861567
SP.POP.TOTL,2014,exact_t_minus_1,t_minus_1_available,542,547,0.9908592321755028
SP.POP.TOTL,2014,unsupported_country,no_value_in_permitted_historical_window,5,547,0.009140767824497258
SP.POP.TOTL,2015,exact_t_minus_1,t_minus_1_available,596,601,0.9916805324459235
SP.POP.TOTL,2015,unsupported_country,no_value_in_permitted_historical_window,5,601,0.008319467554076539
SP.POP.TOTL,2016,exact_t_minus_1,t_minus_1_available,528,534,0.9887640449438202
SP.POP.TOTL,2016,unsupported_country,no_value_in_permitted_historical_window,6,534,0.011235955056179775
SP.POP.TOTL,2017,exact_t_minus_1,t_minus_1_available,537,544,0.9871323529411765
SP.POP.TOTL,2017,unsupported_country,no_value_in_permitted_historical_window,7,544,0.012867647058823529
SP.POP.TOTL,2018,exact_t_minus_1,t_minus_1_available,493,497,0.9919517102615694
SP.POP.TOTL,2018,unsupported_country,no_value_in_permitted_historical_window,4,497,0.008048289738430584
SP.POP.TOTL,2019,exact_t_minus_1,t_minus_1_available,607,608,0.9983552631578947
SP.POP.TOTL,2019,unsupported_country,no_value_in_permitted_historical_window,1,608,0.001644736842105263
SP.POP.TOTL,2020,exact_t_minus_1,t_minus_1_available,512,515,0.9941747572815534
SP.POP.TOTL,2020,unsupported_country,no_value_in_permitted_historical_window,3,515,0.005825242718446602
SP.POP.TOTL,2021,exact_t_minus_1,t_minus_1_available,583,588,0.9914965986394558
SP.POP.TOTL,2021,unsupported_country,no_value_in_permitted_historical_window,5,588,0.008503401360544218
SP.POP.TOTL,2022,exact_t_minus_1,t_minus_1_available,589,594,0.9915824915824916
SP.POP.TOTL,2022,unsupported_country,no_value_in_permitted_historical_window,5,594,0.008417508417508417
SP.POP.TOTL,2023,exact_t_minus_1,t_minus_1_available,608,612,0.9934640522875817
SP.POP.TOTL,2023,unsupported_country,no_value_in_permitted_historical_window,4,612,0.006535947712418301
SP.POP.TOTL,2024,exact_t_minus_1,t_minus_1_available,595,603,0.9867330016583747
SP.POP.TOTL,2024,unsupported_country,no_value_in_permitted_historical_window,8,603,0.013266998341625208
SP.POP.TOTL,2025,backtracked_1_year,reference_year_after_download_range,532,540,0.9851851851851852
SP.POP.TOTL,2025,unsupported_country,reference_year_after_download_range,8,540,0.014814814814814815
SP.POP.TOTL,2026,backtracked_2_years,reference_year_after_download_range,161,161,1.0
