event_id,disaster_type,disaster_subtype,magnitude,magnitude_scale,start_year,time_split,anomaly_type,grouping_strategy,group_key
2002-9349-IND,Drought,Drought,560000.0,Km2,2002,train,outside full-group Q1/Q3 +/- 3*IQR,disaster_type+magnitude_scale,Drought | Km2
2001-9218-CHN,Drought,Drought,233000.0,Km2,2001,train,outside full-group Q1/Q3 +/- 3*IQR,disaster_type+magnitude_scale,Drought | Km2
2003-9064-CHN,Drought,Drought,500000.0,Km2,2003,train,outside full-group Q1/Q3 +/- 3*IQR,disaster_type+magnitude_scale,Drought | Km2
2019-0664-COG,Flood,Flood (General),585146.24,Km2,2019,train,outside full-group Q1/Q3 +/- 3*IQR,disaster_type+magnitude_scale,Flood | Km2
2016-0128-RUS,Flood,Flood (General),1834048.3,Km2,2016,train,outside full-group Q1/Q3 +/- 3*IQR,disaster_type+magnitude_scale,Flood | Km2
2016-0095-CHN,Flood,Flash flood,383223.81,Km2,2016,train,outside full-group Q1/Q3 +/- 3*IQR,disaster_type+magnitude_scale,Flood | Km2
2015-0498-URY,Flood,Flood (General),392899.19,Km2,2015,train,outside full-group Q1/Q3 +/- 3*IQR,disaster_type+magnitude_scale,Flood | Km2
2015-0317-IND,Flood,Riverine flood,629961.6,Km2,2015,train,outside full-group Q1/Q3 +/- 3*IQR,disaster_type+magnitude_scale,Flood | Km2
2013-0280-SDN,Flood,Riverine flood,645399.78,Km2,2013,train,outside full-group Q1/Q3 +/- 3*IQR,disaster_type+magnitude_scale,Flood | Km2
2012-0593-ARG,Flood,Riverine flood,377212.0,Km2,2012,train,outside full-group Q1/Q3 +/- 3*IQR,disaster_type+magnitude_scale,Flood | Km2
2004-0091-AUS,Flood,Riverine flood,1232000.0,Km2,2004,train,outside full-group Q1/Q3 +/- 3*IQR,disaster_type+magnitude_scale,Flood | Km2
2004-0164-RUS,Flood,Riverine flood,840000.0,Km2,2004,train,outside full-group Q1/Q3 +/- 3*IQR,disaster_type+magnitude_scale,Flood | Km2
2004-0457-CHN,Flood,Riverine flood,362800.0,Km2,2004,train,outside full-group Q1/Q3 +/- 3*IQR,disaster_type+magnitude_scale,Flood | Km2
2004-0626-IRN,Flood,Flash flood,436700.0,Km2,2004,train,outside full-group Q1/Q3 +/- 3*IQR,disaster_type+magnitude_scale,Flood | Km2
2005-0504-IND,Flood,Riverine flood,619200.0,Km2,2005,train,outside full-group Q1/Q3 +/- 3*IQR,disaster_type+magnitude_scale,Flood | Km2
2007-0383-USA,Flood,Riverine flood,1217000.0,Km2,2007,train,outside full-group Q1/Q3 +/- 3*IQR,disaster_type+magnitude_scale,Flood | Km2
2007-0244-USA,Flood,Riverine flood,507800.0,Km2,2007,train,outside full-group Q1/Q3 +/- 3*IQR,disaster_type+magnitude_scale,Flood | Km2
2007-0261-SDN,Flood,Riverine flood,1591000.0,Km2,2007,train,outside full-group Q1/Q3 +/- 3*IQR,disaster_type+magnitude_scale,Flood | Km2
2007-0320-IND,Flood,Riverine flood,483900.0,Km2,2007,train,outside full-group Q1/Q3 +/- 3*IQR,disaster_type+magnitude_scale,Flood | Km2
2007-0403-TCD,Flood,Riverine flood,454800.0,Km2,2007,train,outside full-group Q1/Q3 +/- 3*IQR,disaster_type+magnitude_scale,Flood | Km2
2008-0017-AUS,Flood,Riverine flood,649500.0,Km2,2008,train,outside full-group Q1/Q3 +/- 3*IQR,disaster_type+magnitude_scale,Flood | Km2
2011-0014-BRA,Flood,Riverine flood,587384.0,Km2,2011,train,outside full-group Q1/Q3 +/- 3*IQR,disaster_type+magnitude_scale,Flood | Km2
2011-0227-CHN,Flood,Riverine flood,431896.0,Km2,2011,train,outside full-group Q1/Q3 +/- 3*IQR,disaster_type+magnitude_scale,Flood | Km2
2002-0307-COL,Flood,Riverine flood,483000.0,Km2,2002,train,outside full-group Q1/Q3 +/- 3*IQR,disaster_type+magnitude_scale,Flood | Km2
2001-0227-RUS,Flood,Riverine flood,2857000.0,Km2,2001,train,outside full-group Q1/Q3 +/- 3*IQR,disaster_type+magnitude_scale,Flood | Km2
2003-0440-CHN,Flood,Riverine flood,471100.0,Km2,2003,train,outside full-group Q1/Q3 +/- 3*IQR,disaster_type+magnitude_scale,Flood | Km2
2006-0039-BOL,Flood,Riverine flood,955800.0,Km2,2006,train,outside full-group Q1/Q3 +/- 3*IQR,disaster_type+magnitude_scale,Flood | Km2
2006-0201-BRA,Flood,Riverine flood,1164000.0,Km2,2006,train,outside full-group Q1/Q3 +/- 3*IQR,disaster_type+magnitude_scale,Flood | Km2
2007-0315-CHN,Flood,Riverine flood,812700.0,Km2,2007,train,outside full-group Q1/Q3 +/- 3*IQR,disaster_type+magnitude_scale,Flood | Km2
2007-0419-NGA,Flood,Riverine flood,630100.0,Km2,2007,train,outside full-group Q1/Q3 +/- 3*IQR,disaster_type+magnitude_scale,Flood | Km2
2008-0125-BRA,Flood,Riverine flood,1120000.0,Km2,2008,train,outside full-group Q1/Q3 +/- 3*IQR,disaster_type+magnitude_scale,Flood | Km2
2008-0243-CHN,Flood,Riverine flood,366860.0,Km2,2008,train,outside full-group Q1/Q3 +/- 3*IQR,disaster_type+magnitude_scale,Flood | Km2
2009-0233-BWA,Flood,Riverine flood,571700.0,Km2,2009,train,outside full-group Q1/Q3 +/- 3*IQR,disaster_type+magnitude_scale,Flood | Km2
2009-0292-CHN,Flood,Riverine flood,542100.0,Km2,2009,train,outside full-group Q1/Q3 +/- 3*IQR,disaster_type+magnitude_scale,Flood | Km2
2010-0168-COL,Flood,Riverine flood,1140146.0,Km2,2010,train,outside full-group Q1/Q3 +/- 3*IQR,disaster_type+magnitude_scale,Flood | Km2
2009-0509-ARG,Flood,Riverine flood,415000.0,Km2,2009,train,outside full-group Q1/Q3 +/- 3*IQR,disaster_type+magnitude_scale,Flood | Km2
2012-0173-CHN,Flood,Riverine flood,2643786.0,Km2,2012,train,outside full-group Q1/Q3 +/- 3*IQR,disaster_type+magnitude_scale,Flood | Km2
2012-0476-SSD,Flood,Riverine flood,456058.0,Km2,2012,train,outside full-group Q1/Q3 +/- 3*IQR,disaster_type+magnitude_scale,Flood | Km2
2013-0259-CHN,Flood,Riverine flood,419827.15,Km2,2013,train,outside full-group Q1/Q3 +/- 3*IQR,disaster_type+magnitude_scale,Flood | Km2
2015-0011-MWI,Flood,Riverine flood,485939.4,Km2,2015,train,outside full-group Q1/Q3 +/- 3*IQR,disaster_type+magnitude_scale,Flood | Km2
2016-0101-ETH,Flood,Flash flood,2440002.48,Km2,2016,train,outside full-group Q1/Q3 +/- 3*IQR,disaster_type+magnitude_scale,Flood | Km2
2017-0084-PER,Flood,Flood (General),810942.34,Km2,2017,train,outside full-group Q1/Q3 +/- 3*IQR,disaster_type+magnitude_scale,Flood | Km2
2018-0104-AGO,Flood,Flash flood,462991.06,Km2,2018,train,outside full-group Q1/Q3 +/- 3*IQR,disaster_type+magnitude_scale,Flood | Km2
2019-0082-AFG,Flood,Flood (General),441236.3,Km2,2019,train,outside full-group Q1/Q3 +/- 3*IQR,disaster_type+magnitude_scale,Flood | Km2
2020-0016-MDG,Flood,Flood (General),443085.58,Km2,2020,validation,outside full-group Q1/Q3 +/- 3*IQR,disaster_type+magnitude_scale,Flood | Km2
2000-0019-BRA,Flood,Riverine flood,350000.0,Km2,2000,train,outside full-group Q1/Q3 +/- 3*IQR,disaster_type+magnitude_scale,Flood | Km2
2002-0339-COL,Flood,Riverine flood,369950.0,Km2,2002,train,outside full-group Q1/Q3 +/- 3*IQR,disaster_type+magnitude_scale,Flood | Km2
2003-0315-CHN,Flood,Riverine flood,1287000.0,Km2,2003,train,outside full-group Q1/Q3 +/- 3*IQR,disaster_type+magnitude_scale,Flood | Km2
2006-0178-KEN,Flood,Riverine flood,538000.0,Km2,2006,train,outside full-group Q1/Q3 +/- 3*IQR,disaster_type+magnitude_scale,Flood | Km2
2007-0042-BOL,Flood,Riverine flood,801000.0,Km2,2007,train,outside full-group Q1/Q3 +/- 3*IQR,disaster_type+magnitude_scale,Flood | Km2
2007-0060-ARG,Flood,Riverine flood,518000.0,Km2,2007,train,outside full-group Q1/Q3 +/- 3*IQR,disaster_type+magnitude_scale,Flood | Km2
2007-0069-MDG,Flood,Coastal flood,438800.0,Km2,2007,train,outside full-group Q1/Q3 +/- 3*IQR,disaster_type+magnitude_scale,Flood | Km2
2007-0250-IND,Flood,Flash flood,449300.0,Km2,2007,train,outside full-group Q1/Q3 +/- 3*IQR,disaster_type+magnitude_scale,Flood | Km2
2008-0064-PER,Flood,Riverine flood,456900.0,Km2,2008,train,outside full-group Q1/Q3 +/- 3*IQR,disaster_type+magnitude_scale,Flood | Km2
2008-0246-IND,Flood,Flash flood,350600.0,Km2,2008,train,outside full-group Q1/Q3 +/- 3*IQR,disaster_type+magnitude_scale,Flood | Km2
2009-0163-BRA,Flood,Riverine flood,524400.0,Km2,2009,train,outside full-group Q1/Q3 +/- 3*IQR,disaster_type+magnitude_scale,Flood | Km2
2010-0624-AUS,Flood,Riverine flood,832001.0,Km2,2010,train,outside full-group Q1/Q3 +/- 3*IQR,disaster_type+magnitude_scale,Flood | Km2
2010-0651-USA,Flood,Riverine flood,355567.0,Km2,2010,train,outside full-group Q1/Q3 +/- 3*IQR,disaster_type+magnitude_scale,Flood | Km2
2011-0212-CHN,Flood,Riverine flood,1341347.0,Km2,2011,train,outside full-group Q1/Q3 +/- 3*IQR,disaster_type+magnitude_scale,Flood | Km2
2012-0068-CAN,Flood,Riverine flood,544053.0,Km2,2012,train,outside full-group Q1/Q3 +/- 3*IQR,disaster_type+magnitude_scale,Flood | Km2
2013-0056-PER,Flood,Riverine flood,577782.56,Km2,2013,train,outside full-group Q1/Q3 +/- 3*IQR,disaster_type+magnitude_scale,Flood | Km2
2013-0276-PAK,Flood,Riverine flood,462763.09,Km2,2013,train,outside full-group Q1/Q3 +/- 3*IQR,disaster_type+magnitude_scale,Flood | Km2
2013-0291-USA,Flood,Riverine flood,493136.77,Km2,2013,train,outside full-group Q1/Q3 +/- 3*IQR,disaster_type+magnitude_scale,Flood | Km2
2014-0099-ZAF,Flood,Riverine flood,1037639.2,Km2,2014,train,outside full-group Q1/Q3 +/- 3*IQR,disaster_type+magnitude_scale,Flood | Km2
2014-0193-RUS,Flood,Riverine flood,1829701.0,Km2,2014,train,outside full-group Q1/Q3 +/- 3*IQR,disaster_type+magnitude_scale,Flood | Km2
2014-0321-CHN,Flood,Flash flood,387775.13,Km2,2014,train,outside full-group Q1/Q3 +/- 3*IQR,disaster_type+magnitude_scale,Flood | Km2
2014-0505-COL,Flood,Riverine flood,406009.0,Km2,2014,train,outside full-group Q1/Q3 +/- 3*IQR,disaster_type+magnitude_scale,Flood | Km2
2015-0208-BRA,Flood,Flood (General),450353.0,Km2,2015,train,outside full-group Q1/Q3 +/- 3*IQR,disaster_type+magnitude_scale,Flood | Km2
2015-0258-IRN,Flood,Flash flood,776608.03,Km2,2015,train,outside full-group Q1/Q3 +/- 3*IQR,disaster_type+magnitude_scale,Flood | Km2
2015-0551-PRY,Flood,Riverine flood,574056.99,Km2,2015,train,outside full-group Q1/Q3 +/- 3*IQR,disaster_type+magnitude_scale,Flood | Km2
2019-0633-MOZ,Flood,Flood (General),401249.74,Km2,2019,train,outside full-group Q1/Q3 +/- 3*IQR,disaster_type+magnitude_scale,Flood | Km2
2019-0596-MEX,Flood,Flood (General),397450.44,Km2,2019,train,outside full-group Q1/Q3 +/- 3*IQR,disaster_type+magnitude_scale,Flood | Km2
2020-0159-SOM,Flood,Flood (General),428331.4,Km2,2020,validation,outside full-group Q1/Q3 +/- 3*IQR,disaster_type+magnitude_scale,Flood | Km2
2020-0284-MNG,Flood,Flood (General),423250.41,Km2,2020,validation,outside full-group Q1/Q3 +/- 3*IQR,disaster_type+magnitude_scale,Flood | Km2
2000-0809-BRA,Flood,Riverine flood,578300.0,Km2,2000,train,outside full-group Q1/Q3 +/- 3*IQR,disaster_type+magnitude_scale,Flood | Km2
2005-0095-DZA,Flood,Riverine flood,436800.0,Km2,2005,train,outside full-group Q1/Q3 +/- 3*IQR,disaster_type+magnitude_scale,Flood | Km2
2006-0265-IND,Flood,Riverine flood,395400.0,Km2,2006,train,outside full-group Q1/Q3 +/- 3*IQR,disaster_type+magnitude_scale,Flood | Km2
2008-0131-USA,Flood,Riverine flood,565200.0,Km2,2008,train,outside full-group Q1/Q3 +/- 3*IQR,disaster_type+magnitude_scale,Flood | Km2
2009-0017-BRA,Flood,Riverine flood,1186000.0,Km2,2009,train,outside full-group Q1/Q3 +/- 3*IQR,disaster_type+magnitude_scale,Flood | Km2
2010-0103-AUS,Flood,Riverine flood,431681.0,Km2,2010,train,outside full-group Q1/Q3 +/- 3*IQR,disaster_type+magnitude_scale,Flood | Km2
2010-0379-NER,Flood,Riverine flood,619100.0,Km2,2010,train,outside full-group Q1/Q3 +/- 3*IQR,disaster_type+magnitude_scale,Flood | Km2
2010-0656-AUS,Flood,Riverine flood,911256.0,Km2,2010,train,outside full-group Q1/Q3 +/- 3*IQR,disaster_type+magnitude_scale,Flood | Km2
2011-0421-CHN,Flood,Riverine flood,1215862.0,Km2,2011,train,outside full-group Q1/Q3 +/- 3*IQR,disaster_type+magnitude_scale,Flood | Km2
2012-0029-AUS,Flood,Riverine flood,761154.0,Km2,2012,train,outside full-group Q1/Q3 +/- 3*IQR,disaster_type+magnitude_scale,Flood | Km2
2015-0212-USA,Flood,Flash flood,849464.6,Km2,2015,train,outside full-group Q1/Q3 +/- 3*IQR,disaster_type+magnitude_scale,Flood | Km2
2016-0241-CHN,Flood,Flood (General),720844.3,Km2,2016,train,outside full-group Q1/Q3 +/- 3*IQR,disaster_type+magnitude_scale,Flood | Km2
2016-0428-AUS,Flood,Flood (General),634200.41,Km2,2016,train,outside full-group Q1/Q3 +/- 3*IQR,disaster_type+magnitude_scale,Flood | Km2
2017-0220-KAZ,Flood,Riverine flood,397487.68,Km2,2017,train,outside full-group Q1/Q3 +/- 3*IQR,disaster_type+magnitude_scale,Flood | Km2
2018-0387-SDN,Flood,Flash flood,629241.72,Km2,2018,train,outside full-group Q1/Q3 +/- 3*IQR,disaster_type+magnitude_scale,Flood | Km2
2019-0033-SAU,Flood,Flood (General),632315.72,Km2,2019,train,outside full-group Q1/Q3 +/- 3*IQR,disaster_type+magnitude_scale,Flood | Km2
2019-0294-RUS,Flood,Flood (General),413323.05,Km2,2019,train,outside full-group Q1/Q3 +/- 3*IQR,disaster_type+magnitude_scale,Flood | Km2
2000-0465-USA,Wildfire,Forest fire,680000.0,Km2,2000,train,outside full-group Q1/Q3 +/- 3*IQR,disaster_type+magnitude_scale,Wildfire | Km2
2017-0072-AUS,Wildfire,Wildfire (General),59000.0,Km2,2017,train,outside full-group Q1/Q3 +/- 3*IQR,disaster_type+magnitude_scale,Wildfire | Km2
2000-0853-ARG,Wildfire,Forest fire,20500.0,Km2,2000,train,outside full-group Q1/Q3 +/- 3*IQR,disaster_type+magnitude_scale,Wildfire | Km2
2003-0030-AUS,Wildfire,Forest fire,30000.0,Km2,2003,train,outside full-group Q1/Q3 +/- 3*IQR,disaster_type+magnitude_scale,Wildfire | Km2
2001-0699-AUS,Wildfire,"Land fire (Brush, Bush, Pasture)",5500.0,Km2,2001,train,outside full-group Q1/Q3 +/- 3*IQR,disaster_type+magnitude_scale,Wildfire | Km2
2003-0198-RUS,Wildfire,Forest fire,17000.0,Km2,2003,train,outside full-group Q1/Q3 +/- 3*IQR,disaster_type+magnitude_scale,Wildfire | Km2
2016-0172-CAN,Wildfire,Forest fire,6000.0,Km2,2016,train,outside full-group Q1/Q3 +/- 3*IQR,disaster_type+magnitude_scale,Wildfire | Km2
2019-0545-AUS,Wildfire,"Land fire (Brush, Bush, Pasture)",169967.0,Km2,2019,train,outside full-group Q1/Q3 +/- 3*IQR,disaster_type+magnitude_scale,Wildfire | Km2
