event_id,year
2000-0037-REU,2000
2000-0097-AUS,2000
2000-0107-MDG,2000
2000-0107-MOZ,2000
2000-0178-MDG,2000
2000-0178-MOZ,2000
2000-0211-BGD,2000
2000-0214-AUS,2000
2000-0229-BGD,2000
2000-0257-PHL,2000
2000-0396-PHL,2000
2000-0397-PHL,2000
2000-0447-JPN,2000
2000-0517-TWN,2000
2000-0518-VNM,2000
2000-0533-CHN,2000
2000-0539-THA,2000
2000-0550-KOR,2000
2000-0556-CHN,2000
2000-0557-CHN,2000
2000-0572-PRK,2000
2000-0576-JPN,2000
2000-0576-RUS,2000
2000-0582-VNM,2000
2000-0601-KOR,2000
2000-0605-CHN,2000
2000-0642-BLZ,2000
2000-0643-MEX,2000
2000-0644-NIC,2000
2000-0645-SLV,2000
2000-0652-USA,2000
2000-0706-PHL,2000
2000-0706-TWN,2000
2000-0713-BGD,2000
2000-0715-PHL,2000
2000-0785-IND,2000
2000-0788-PHL,2000
2000-0831-LKA,2000
2000-0843-AUS,2000
2001-0054-PHL,2001
2001-0093-VUT,2001
2001-0143-VUT,2001
2001-0198-BGD,2001
2001-0202-BGD,2001
2001-0242-USA,2001
2001-0292-CHN,2001
2001-0293-TWN,2001
2001-0318-VNM,2001
2001-0319-PHL,2001
2001-0322-CHN,2001
2001-0405-CHN,2001
2001-0405-TWN,2001
2001-0415-TWN,2001
2001-0419-CHN,2001
2001-0436-VNM,2001
2001-0454-JPN,2001
2001-0475-CHN,2001
2001-0488-MEX,2001
2001-0511-JPN,2001
2001-0522-TWN,2001
2001-0553-BLZ,2001
2001-0562-MEX,2001
2001-0570-DOM,2001
2001-0570-GTM,2001
2001-0570-MEX,2001
2001-0584-IND,2001
2001-0603-HND,2001
2001-0611-CYM,2001
2001-0611-HTI,2001
2001-0611-NIC,2001
2001-0612-CUB,2001
2001-0614-PHL,2001
2001-0615-JAM,2001
2001-0624-VNM,2001
2001-0659-COK,2001
2001-0671-BHS,2001
2001-0711-TON,2001
2001-0735-MEX,2001
2001-0758-PHL,2001
2001-0796-CHN,2001
2002-0004-MDG,2002
2002-0039-MUS,2002
2002-0043-REU,2002
2002-0126-FSM,2002
2002-0204-IND,2002
2002-0233-BGD,2002
2002-0281-MDG,2002
2002-0397-FSM,2002
2002-0408-PHL,2002
2002-0423-PHL,2002
2002-0430-JPN,2002
2002-0431-JPN,2002
2002-0432-GUM,2002
2002-0528-PHL,2002
2002-0557-KOR,2002
2002-0561-PRK,2002
2002-0590-SYC,2002
2002-0599-CHN,2002
2002-0604-CUB,2002
2002-0609-MEX,2002
2002-0617-BRB,2002
2002-0626-CYM,2002
2002-0627-JAM,2002
2002-0635-RUS,2002
2002-0636-CUB,2002
2002-0636-GRD,2002
2002-0647-MEX,2002
2002-0652-USA,2002
2002-0653-VCT,2002
2002-0656-CYM,2002
2002-0656-JAM,2002
2002-0657-HTI,2002
2002-0669-MEX,2002
2002-0702-IND,2002
2002-0705-BGD,2002
2002-0724-USA,2002
2002-0753-GUM,2002
2002-0811-SLB,2002
2002-0826-MNP,2002
2002-0849-GTM,2002
2002-0850-NIC,2002
2002-0851-SLV,2002
2003-0024-FJI,2003
2003-0057-SLB,2003
2003-0065-MDG,2003
2003-0073-COD,2003
2003-0100-IND,2003
2003-0114-MOZ,2003
2003-0114-ZWE,2003
2003-0135-NCL,2003
2003-0182-IND,2003
2003-0211-BGD,2003
2003-0218-MDG,2003
2003-0234-IND,2003
2003-0258-PHL,2003
2003-0290-PHL,2003
2003-0314-SLB,2003
2003-0346-CHN,2003
2003-0346-HKG,2003
2003-0346-PHL,2003
2003-0388-JPN,2003
2003-0388-RUS,2003
2003-0437-VNM,2003
2003-0443-CHN,2003
2003-0443-HKG,2003
2003-0443-TWN,2003
2003-0448-BMU,2003
2003-0459-JPN,2003
2003-0459-KOR,2003
2003-0468-CAN,2003
2003-0468-USA,2003
2003-0474-MEX,2003
2003-0487-CAN,2003
2003-0577-FSM,2003
2003-0594-CHN,2003
2003-0599-DOM,2003
2003-0599-PRI,2003
2003-0602-MDG,2003
2003-0605-IND,2003
2003-0688-MEX,2003
2003-0779-BGD,2003
2003-0782-USA,2003
2003-0822-PHL,2003
2003-0823-PHL,2003
2003-0824-PHL,2003
2004-0004-ASM,2004
2004-0004-NIU,2004
2004-0004-TON,2004
2004-0004-WSM,2004
2004-0029-MDG,2004
2004-0080-VUT,2004
2004-0103-MDG,2004
2004-0131-BRA,2004
2004-0144-IDN,2004
2004-0150-FSM,2004
2004-0153-FJI,2004
2004-0218-PHL,2004
2004-0235-MMR,2004
2004-0258-THA,2004
2004-0258-VNM,2004
2004-0276-JPN,2004
2004-0276-KOR,2004
2004-0309-PHL,2004
2004-0309-TWN,2004
2004-0312-GUM,2004
2004-0312-MNP,2004
2004-0388-RUS,2004
2004-0412-CHN,2004
2004-0415-CUB,2004
2004-0415-CYM,2004
2004-0415-JAM,2004
2004-0415-USA,2004
2004-0428-JPN,2004
2004-0428-KOR,2004
2004-0435-CHN,2004
2004-0435-JPN,2004
2004-0435-PHL,2004
2004-0435-TWN,2004
2004-0445-GUM,2004
2004-0445-JPN,2004
2004-0448-USA,2004
2004-0455-BHS,2004
2004-0455-DOM,2004
2004-0455-PRI,2004
2004-0455-TCA,2004
2004-0455-USA,2004
2004-0459-JPN,2004
2004-0459-KOR,2004
2004-0459-RUS,2004
2004-0462-BHS,2004
2004-0462-BRB,2004
2004-0462-CUB,2004
2004-0462-CYM,2004
2004-0462-DOM,2004
2004-0462-GRD,2004
2004-0462-HTI,2004
2004-0462-JAM,2004
2004-0462-LCA,2004
2004-0462-TTO,2004
2004-0462-USA,2004
2004-0462-VCT,2004
2004-0462-VEN,2004
2004-0468-TWN,2004
2004-0473-BHS,2004
2004-0473-DOM,2004
2004-0473-HTI,2004
2004-0473-PRI,2004
2004-0473-USA,2004
2004-0473-VIR,2004
2004-0492-JPN,2004
2004-0511-JPN,2004
2004-0524-JPN,2004
2004-0535-TWN,2004
2004-0580-PHL,2004
2004-0580-VNM,2004
2004-0602-PHL,2004
2004-0609-PHL,2004
2004-0618-PHL,2004
2004-0618-TWN,2004
2005-0048-MDG,2005
2005-0102-COK,2005
2005-0102-TKL,2005
2005-0120-PHL,2005
2005-0151-ASM,2005
2005-0151-WSM,2005
2005-0190-BGD,2005
2005-0351-CUB,2005
2005-0351-HTI,2005
2005-0351-JAM,2005
2005-0351-USA,2005
2005-0381-CHN,2005
2005-0381-TWN,2005
2005-0382-GRD,2005
2005-0382-HTI,2005
2005-0382-JAM,2005
2005-0382-MEX,2005
2005-0382-TTO,2005
2005-0382-VCT,2005
2005-0419-CHN,2005
2005-0419-KOR,2005
2005-0419-TWN,2005
2005-0464-JPN,2005
2005-0467-USA,2005
2005-0492-CHN,2005
2005-0492-TWN,2005
2005-0497-JPN,2005
2005-0497-KOR,2005
2005-0510-CHN,2005
2005-0524-MEX,2005
2005-0536-VNM,2005
2005-0540-CHN,2005
2005-0540-PHL,2005
2005-0540-THA,2005
2005-0540-VNM,2005
2005-0547-USA,2005
2005-0565-CHN,2005
2005-0565-TWN,2005
2005-0567-CRI,2005
2005-0567-GTM,2005
2005-0567-HND,2005
2005-0567-HTI,2005
2005-0567-MEX,2005
2005-0567-NIC,2005
2005-0567-SLV,2005
2005-0585-BHS,2005
2005-0585-BLZ,2005
2005-0585-CUB,2005
2005-0585-HND,2005
2005-0585-HTI,2005
2005-0585-JAM,2005
2005-0585-MEX,2005
2005-0585-USA,2005
2005-0597-DOM,2005
2005-0597-HTI,2005
2005-0611-VNM,2005
2005-0625-COL,2005
2005-0625-HND,2005
2005-0625-NIC,2005
2005-0640-BLZ,2005
2005-0640-HND,2005
2005-0662-MAR,2005
2005-0662-SPI,2005
2005-0732-SLV,2005
2006-0043-AUS,2006
2006-0073-FJI,2006
2006-0089-MDG,2006
2006-0139-AUS,2006
2006-0155-AUS,2006
2006-0241-MMR,2006
2006-0251-CHN,2006
2006-0251-PHL,2006
2006-0251-VNM,2006
2006-0272-CUB,2006
2006-0362-CHN,2006
2006-0362-PHL,2006
2006-0362-TWN,2006
2006-0362-VNM,2006
2006-0388-CHN,2006
2006-0388-PHL,2006
2006-0388-TWN,2006
2006-0410-CHN,2006
2006-0410-PHL,2006
2006-0415-PHL,2006
2006-0437-CHN,2006
2006-0466-HTI,2006
2006-0466-USA,2006
2006-0483-MEX,2006
2006-0504-JPN,2006
2006-0505-MEX,2006
2006-0510-BGD,2006
2006-0510-IND,2006
2006-0517-CHN,2006
2006-0517-PHL,2006
2006-0517-VNM,2006
2006-0600-PHL,2006
2006-0604-MEX,2006
2006-0610-PHL,2006
2006-0648-PHL,2006
2006-0648-VNM,2006
2006-0667-PHL,2006
2006-0687-MDG,2006
2006-0737-BGD,2006
2006-0738-BGD,2006
2007-0032-MDG,2007
2007-0080-MOZ,2007
2007-0080-ZWE,2007
2007-0085-MUS,2007
2007-0085-REU,2007
2007-0095-MDG,2007
2007-0133-NZL,2007
2007-0151-FJI,2007
2007-0164-IRN,2007
2007-0164-OMN,2007
2007-0227-BGD,2007
2007-0245-PAK,2007
2007-0262-JPN,2007
2007-0346-PHL,2007
2007-0359-USA,2007
2007-0360-BLZ,2007
2007-0360-CUB,2007
2007-0360-DMA,2007
2007-0360-DOM,2007
2007-0360-GLP,2007
2007-0360-HTI,2007
2007-0360-JAM,2007
2007-0360-LCA,2007
2007-0360-MEX,2007
2007-0360-MTQ,2007
2007-0380-CHN,2007
2007-0380-PHL,2007
2007-0380-TWN,2007
2007-0439-GTM,2007
2007-0439-HND,2007
2007-0439-MEX,2007
2007-0439-NIC,2007
2007-0439-SLV,2007
2007-0457-CHN,2007
2007-0457-JPN,2007
2007-0457-PHL,2007
2007-0457-PRK,2007
2007-0463-PHL,2007
2007-0463-VNM,2007
2007-0464-MEX,2007
2007-0470-KOR,2007
2007-0479-JPN,2007
2007-0523-BHS,2007
2007-0523-CUB,2007
2007-0523-DOM,2007
2007-0523-HTI,2007
2007-0523-JAM,2007
2007-0552-CHN,2007
2007-0552-TWN,2007
2007-0556-BGD,2007
2007-0556-IND,2007
2007-0557-PNG,2007
2007-0560-PHL,2007
2007-0576-PHL,2007
2007-0578-PHL,2007
2007-0591-AUS,2007
2007-0612-DOM,2007
2007-0612-HTI,2007
2007-0612-PRI,2007
2007-0655-FJI,2007
2007-0668-PHL,2007
2007-0671-MEX,2007
2008-0043-MDG,2008
2008-0051-FJI,2008
2008-0070-MDG,2008
2008-0111-MDG,2008
2008-0111-MOZ,2008
2008-0155-CHN,2008
2008-0155-PHL,2008
2008-0184-LKA,2008
2008-0184-MMR,2008
2008-0184-THA,2008
2008-0197-PHL,2008
2008-0233-BLZ,2008
2008-0234-CRI,2008
2008-0234-HND,2008
2008-0234-NIC,2008
2008-0249-CHN,2008
2008-0249-PHL,2008
2008-0292-CHN,2008
2008-0292-PHL,2008
2008-0292-TWN,2008
2008-0295-TWN,2008
2008-0304-GTM,2008
2008-0304-MEX,2008
2008-0304-USA,2008
2008-0329-CHN,2008
2008-0329-HKG,2008
2008-0329-PHL,2008
2008-0329-THA,2008
2008-0329-VNM,2008
2008-0338-CUB,2008
2008-0338-DOM,2008
2008-0338-HTI,2008
2008-0338-JAM,2008
2008-0338-USA,2008
2008-0352-BHS,2008
2008-0352-CUB,2008
2008-0352-CYM,2008
2008-0352-DOM,2008
2008-0352-HTI,2008
2008-0352-JAM,2008
2008-0352-TCA,2008
2008-0352-USA,2008
2008-0369-CHN,2008
2008-0369-HKG,2008
2008-0369-PHL,2008
2008-0378-DOM,2008
2008-0378-HTI,2008
2008-0378-TCA,2008
2008-0378-USA,2008
2008-0384-BHS,2008
2008-0384-CUB,2008
2008-0384-HTI,2008
2008-0384-TCA,2008
2008-0384-USA,2008
2008-0426-CHN,2008
2008-0426-HKG,2008
2008-0426-PHL,2008
2008-0426-TWN,2008
2008-0426-VNM,2008
2008-0437-VNM,2008
2008-0441-CHN,2008
2008-0441-TWN,2008
2008-0442-TWN,2008
2008-0514-CUB,2008
2008-0514-CYM,2008
2008-0540-PHL,2008
2008-0540-VNM,2008
2008-0552-VNM,2008
2008-0604-ATG,2008
2008-0604-KNA,2008
2008-0609-PHL,2008
2008-0621-PHL,2008
2008-0623-PHL,2008
2008-0644-BGD,2008
2008-0648-BGD,2008
2009-0047-MDG,2009
2009-0048-AUS,2009
2009-0123-MDG,2009
2009-0123-MOZ,2009
2009-0137-MDG,2009
2009-0157-BGD,2009
2009-0165-PHL,2009
2009-0174-PHL,2009
2009-0204-BGD,2009
2009-0204-BTN,2009
2009-0204-IND,2009
2009-0239-PHL,2009
2009-0265-PHL,2009
2009-0316-JPN,2009
2009-0321-CHN,2009
2009-0321-PHL,2009
2009-0321-TWN,2009
2009-0342-CAN,2009
2009-0342-USA,2009
2009-0360-PHL,2009
2009-0373-PHL,2009
2009-0374-PHL,2009
2009-0384-MEX,2009
2009-0399-CHN,2009
2009-0399-HKG,2009
2009-0414-KHM,2009
2009-0414-LAO,2009
2009-0414-PHL,2009
2009-0414-VNM,2009
2009-0422-CHN,2009
2009-0422-PHL,2009
2009-0422-VNM,2009
2009-0423-JPN,2009
2009-0477-MEX,2009
2009-0477-NIC,2009
2009-0477-SLV,2009
2009-0477-USA,2009
2009-0478-KHM,2009
2009-0478-PHL,2009
2009-0478-VNM,2009
2009-0521-PHL,2009
2009-0554-FJI,2009
2009-0606-PHL,2009
2009-0609-IND,2009
2009-0621-CHN,2009
2010-0044-PYF,2010
2010-0078-COK,2010
2010-0104-MDG,2010
2010-0106-FJI,2010
2010-0120-AUS,2010
2010-0120-SLB,2010
2010-0171-BGD,2010
2010-0171-IND,2010
2010-0198-IND,2010
2010-0205-BGD,2010
2010-0210-OMN,2010
2010-0210-PAK,2010
2010-0211-GTM,2010
2010-0211-HND,2010
2010-0211-SLV,2010
2010-0260-GTM,2010
2010-0260-MEX,2010
2010-0260-NIC,2010
2010-0260-SLV,2010
2010-0308-CHN,2010
2010-0308-PHL,2010
2010-0308-VNM,2010
2010-0332-HKG,2010
2010-0332-VNM,2010
2010-0383-PHL,2010
2010-0426-MEX,2010
2010-0432-VNM,2010
2010-0468-ATG,2010
2010-0468-USA,2010
2010-0479-KOR,2010
2010-0479-PRK,2010
2010-0484-CHN,2010
2010-0484-TWN,2010
2010-0494-MEX,2010
2010-0501-JAM,2010
2010-0503-BLZ,2010
2010-0503-GTM,2010
2010-0503-HND,2010
2010-0503-MEX,2010
2010-0503-NIC,2010
2010-0503-SLV,2010
2010-0503-VEN,2010
2010-0522-USA,2010
2010-0543-CHN,2010
2010-0543-PHL,2010
2010-0543-TWN,2010
2010-0554-MMR,2010
2010-0571-BRB,2010
2010-0571-DOM,2010
2010-0571-HTI,2010
2010-0571-LCA,2010
2010-0571-VCT,2010
2010-0691-CHN,2010
2010-0693-IND,2010
2011-0057-MDG,2011
2011-0070-AUS,2011
2011-0070-PNG,2011
2011-0070-SLB,2011
2011-0070-VUT,2011
2011-0071-VUT,2011
2011-0091-TON,2011
2011-0157-PHL,2011
2011-0203-CHN,2011
2011-0203-PHL,2011
2011-0228-MEX,2011
2011-0231-PHL,2011
2011-0241-MEX,2011
2011-0267-GTM,2011
2011-0267-MEX,2011
2011-0272-PHL,2011
2011-0272-THA,2011
2011-0279-CHN,2011
2011-0279-PHL,2011
2011-0279-PRK,2011
2011-0303-DOM,2011
2011-0303-HTI,2011
2011-0303-MTQ,2011
2011-0303-PRI,2011
2011-0328-BHS,2011
2011-0328-CAN,2011
2011-0328-DOM,2011
2011-0328-HTI,2011
2011-0328-PRI,2011
2011-0328-USA,2011
2011-0341-PHL,2011
2011-0352-JPN,2011
2011-0378-PHL,2011
2011-0379-CHN,2011
2011-0379-PHL,2011
2011-0384-PHL,2011
2011-0385-MEX,2011
2011-0414-OMN,2011
2011-0432-DMA,2011
2011-0454-JPN,2011
2011-0456-USA,2011
2011-0460-MEX,2011
2011-0519-PHL,2011
2011-0555-PHL,2011
2011-0566-IND,2011
2011-0576-CHN,2011
2011-0576-PHL,2011
2011-0576-VNM,2011
2012-0005-MDG,2012
2012-0005-MOZ,2012
2012-0005-MWI,2012
2012-0006-MOZ,2012
2012-0006-ZAF,2012
2012-0043-MDG,2012
2012-0056-MDG,2012
2012-0056-MOZ,2012
2012-0176-USA,2012
2012-0259-CHN,2012
2012-0259-VNM,2012
2012-0260-CHN,2012
2012-0260-PHL,2012
2012-0260-TWN,2012
2012-0276-MEX,2012
2012-0282-CHN,2012
2012-0283-CHN,2012
2012-0294-CHN,2012
2012-0294-PHL,2012
2012-0294-VNM,2012
2012-0296-PHL,2012
2012-0313-CUB,2012
2012-0313-DOM,2012
2012-0313-HTI,2012
2012-0313-PRI,2012
2012-0313-USA,2012
2012-0374-PHL,2012
2012-0401-MEX,2012
2012-0406-CHN,2012
2012-0406-PHL,2012
2012-0406-VNM,2012
2012-0410-BHS,2012
2012-0410-CUB,2012
2012-0410-DOM,2012
2012-0410-HTI,2012
2012-0410-JAM,2012
2012-0410-USA,2012
2012-0414-JPN,2012
2012-0414-KOR,2012
2012-0414-PRK,2012
2012-0425-IND,2012
2012-0425-LKA,2012
2012-0434-PHL,2012
2012-0451-JPN,2012
2012-0463-PHL,2012
2012-0498-FJI,2012
2012-0498-WLF,2012
2012-0498-WSM,2012
2012-0500-PHL,2012
2012-0500-PLW,2012
2012-0540-PHL,2012
2012-0585-KOR,2012
2012-0585-TWN,2012
2012-0588-JPN,2012
2012-0588-KOR,2012
2013-0008-AUS,2013
2013-0026-MDG,2013
2013-0026-SYC,2013
2013-0032-MDG,2013
2013-0036-PHL,2013
2013-0138-BGD,2013
2013-0138-IND,2013
2013-0138-LKA,2013
2013-0188-MEX,2013
2013-0249-CHN,2013
2013-0249-TWN,2013
2013-0258-CHN,2013
2013-0258-PHL,2013
2013-0261-CHN,2013
2013-0272-CHN,2013
2013-0272-PHL,2013
2013-0306-CHN,2013
2013-0306-TWN,2013
2013-0335-MEX,2013
2013-0341-CHN,2013
2013-0341-VNM,2013
2013-0358-MEX,2013
2013-0373-CHN,2013
2013-0373-PHL,2013
2013-0373-TWN,2013
2013-0378-PHL,2013
2013-0396-JPN,2013
2013-0401-IND,2013
2013-0406-MEX,2013
2013-0413-JPN,2013
2013-0415-JPN,2013
2013-0419-CHN,2013
2013-0419-VNM,2013
2013-0429-CHN,2013
2013-0429-JPN,2013
2013-0430-PHL,2013
2013-0430-VNM,2013
2013-0433-CHN,2013
2013-0433-PHL,2013
2013-0433-PLW,2013
2013-0433-VNM,2013
2013-0437-PHL,2013
2013-0438-SOM,2013
2013-0515-IND,2013
2014-0001-TON,2014
2014-0016-REU,2014
2014-0020-PHL,2014
2014-0055-PHL,2014
2014-0092-COM,2014
2014-0092-MDG,2014
2014-0096-VUT,2014
2014-0183-GTM,2014
2014-0183-MEX,2014
2014-0213-CHN,2014
2014-0227-CHN,2014
2014-0227-PHL,2014
2014-0227-VNM,2014
2014-0236-JPN,2014
2014-0240-CHN,2014
2014-0240-PHL,2014
2014-0240-TWN,2014
2014-0310-USA,2014
2014-0314-JPN,2014
2014-0314-KOR,2014
2014-0316-JPN,2014
2014-0325-MEX,2014
2014-0330-CHN,2014
2014-0330-PHL,2014
2014-0330-TWN,2014
2014-0333-MEX,2014
2014-0385-MEX,2014
2014-0386-MEX,2014
2014-0390-CHN,2014
2014-0390-PHL,2014
2014-0390-VNM,2014
2014-0392-IND,2014
2014-0396-JPN,2014
2014-0397-JPN,2014
2014-0417-MEX,2014
2014-0423-PNG,2014
2014-0474-PHL,2014
2014-0474-VNM,2014
2014-0479-PHL,2014
2014-0497-PHL,2014
2015-0016-MDG,2015
2015-0017-PHL,2015
2015-0053-AUS,2015
2015-0074-MDG,2015
2015-0079-AUS,2015
2015-0093-KIR,2015
2015-0093-PNG,2015
2015-0093-SLB,2015
2015-0093-TUV,2015
2015-0093-VUT,2015
2015-0105-CHN,2015
2015-0105-FSM,2015
2015-0105-PHL,2015
2015-0135-AUS,2015
2015-0176-JPN,2015
2015-0176-PHL,2015
2015-0244-CHN,2015
2015-0244-JPN,2015
2015-0244-PHL,2015
2015-0244-TWN,2015
2015-0252-CHN,2015
2015-0252-VNM,2015
2015-0261-JPN,2015
2015-0278-CHN,2015
2015-0278-PHL,2015
2015-0281-SLB,2015
2015-0309-BGD,2015
2015-0339-CHN,2015
2015-0339-MNP,2015
2015-0339-PHL,2015
2015-0339-TWN,2015
2015-0371-JPN,2015
2015-0371-PHL,2015
2015-0375-DMA,2015
2015-0375-DOM,2015
2015-0375-HTI,2015
2015-0456-JPN,2015
2015-0458-CHN,2015
2015-0458-JPN,2015
2015-0458-TWN,2015
2015-0459-USA,2015
2015-0462-PHL,2015
2015-0470-MEX,2015
2015-0473-CPV,2015
2015-0479-BHS,2015
2015-0484-SOM,2015
2015-0484-YEM,2015
2015-0490-CHN,2015
2015-0490-PHL,2015
2015-0494-SOM,2015
2015-0494-YEM,2015
2015-0543-PHL,2015
2015-0620-KHM,2015
2015-0620-THA,2015
2015-0620-VNM,2015
2016-0004-TON,2016
2016-0041-FJI,2016
2016-0041-TON,2016
2016-0141-FJI,2016
2016-0141-TON,2016
2016-0175-BGD,2016
2016-0256-CHN,2016
2016-0256-PHL,2016
2016-0256-TWN,2016
2016-0268-VNM,2016
2016-0284-BLZ,2016
2016-0284-GTM,2016
2016-0284-HND,2016
2016-0284-MEX,2016
2016-0319-MEX,2016
2016-0322-USA,2016
2016-0324-JPN,2016
2016-0342-CHN,2016
2016-0342-PHL,2016
2016-0342-TWN,2016
2016-0350-CHN,2016
2016-0350-TWN,2016
2016-0355-BHS,2016
2016-0355-CUB,2016
2016-0355-DOM,2016
2016-0355-HTI,2016
2016-0355-JAM,2016
2016-0355-LCA,2016
2016-0355-USA,2016
2016-0355-VCT,2016
2016-0361-JPN,2016
2016-0361-KOR,2016
2016-0362-VNM,2016
2016-0363-CHN,2016
2016-0363-PHL,2016
2016-0364-CHN,2016
2016-0364-PHL,2016
2016-0379-CHN,2016
2016-0379-VNM,2016
2016-0382-JPN,2016
2016-0390-JPN,2016
2016-0433-CRI,2016
2016-0433-NIC,2016
2016-0433-PAN,2016
2016-0456-PHL,2016
2016-0485-IND,2016
2016-0490-PHL,2016
2016-0503-PHL,2016
2017-0051-MOZ,2017
2017-0075-MDG,2017
2017-0091-ZWE,2017
2017-0105-AUS,2017
2017-0142-PHL,2017
2017-0152-BGD,2017
2017-0152-IND,2017
2017-0152-MMR,2017
2017-0168-MEX,2017
2017-0231-VUT,2017
2017-0281-CHN,2017
2017-0281-LAO,2017
2017-0281-THA,2017
2017-0281-VNM,2017
2017-0326-CHN,2017
2017-0326-PHL,2017
2017-0326-TWN,2017
2017-0327-JPN,2017
2017-0334-MEX,2017
2017-0352-CHN,2017
2017-0352-HKG,2017
2017-0352-MAC,2017
2017-0352-VNM,2017
2017-0362-USA,2017
2017-0376-MEX,2017
2017-0381-AIA,2017
2017-0381-ATG,2017
2017-0381-BHS,2017
2017-0381-BLM,2017
2017-0381-BRB,2017
2017-0381-CUB,2017
2017-0381-DOM,2017
2017-0381-HTI,2017
2017-0381-KNA,2017
2017-0381-MAF,2017
2017-0381-PRI,2017
2017-0381-SXM,2017
2017-0381-TCA,2017
2017-0381-USA,2017
2017-0381-VGB,2017
2017-0381-VIR,2017
2017-0383-DMA,2017
2017-0383-DOM,2017
2017-0383-GLP,2017
2017-0383-HTI,2017
2017-0383-MTQ,2017
2017-0383-PRI,2017
2017-0383-USA,2017
2017-0383-VGB,2017
2017-0383-VIR,2017
2017-0392-MEX,2017
2017-0406-PHL,2017
2017-0406-THA,2017
2017-0406-VNM,2017
2017-0410-COL,2017
2017-0410-CRI,2017
2017-0410-GTM,2017
2017-0410-HND,2017
2017-0410-NIC,2017
2017-0410-PAN,2017
2017-0410-SLV,2017
2017-0410-USA,2017
2017-0422-PHL,2017
2017-0422-VNM,2017
2017-0432-JPN,2017
2017-0432-PHL,2017
2017-0468-JPN,2017
2017-0485-CHN,2017
2017-0485-HKG,2017
2017-0485-MAC,2017
2017-0485-PHL,2017
2017-0508-IND,2017
2017-0508-LKA,2017
2017-0515-IDN,2017
2018-0004-PHL,2018
2018-0008-MDG,2018
2018-0029-MUS,2018
2018-0029-REU,2018
2018-0042-TON,2018
2018-0042-WSM,2018
2018-0044-PHL,2018
2018-0086-MDG,2018
2018-0101-FJI,2018
2018-0145-DJI,2018
2018-0145-SOM,2018
2018-0170-CUB,2018
2018-0170-USA,2018
2018-0177-OMN,2018
2018-0177-YEM,2018
2018-0194-FJI,2018
2018-0201-CHN,2018
2018-0201-VNM,2018
2018-0227-LAO,2018
2018-0227-PHL,2018
2018-0227-VNM,2018
2018-0280-DOM,2018
2018-0280-PRI,2018
2018-0285-CHN,2018
2018-0287-CHN,2018
2018-0305-CHN,2018
2018-0305-LAO,2018
2018-0305-VNM,2018
2018-0309-CHN,2018
2018-0309-PRK,2018
2018-0313-TWN,2018
2018-0326-JPN,2018
2018-0341-CHN,2018
2018-0341-HKG,2018
2018-0341-PHL,2018
2018-0342-USA,2018
2018-0347-CHN,2018
2018-0347-PHL,2018
2018-0348-CHN,2018
2018-0353-JPN,2018
2018-0373-CUB,2018
2018-0373-USA,2018
2018-0376-PRT,2018
2018-0385-IND,2018
2018-0394-OMN,2018
2018-0394-YEM,2018
2018-0399-MNP,2018
2018-0399-PHL,2018
2018-0406-MEX,2018
2018-0421-MEX,2018
2018-0424-JPN,2018
2018-0431-IND,2018
2018-0455-PHL,2018
2018-0469-MHL,2019
2018-0469-SLB,2018
2018-0473-IND,2018
2018-0484-VNM,2018
2019-0009-THA,2019
2019-0021-PHL,2019
2019-0110-MDG,2019
2019-0110-MOZ,2019
2019-0110-ZWE,2019
2019-0124-FSM,2019
2019-0164-BGD,2019
2019-0164-IND,2019
2019-0165-COM,2019
2019-0165-MOZ,2019
2019-0165-TZA,2019
2019-0335-USA,2019
2019-0349-PHL,2019
2019-0387-CHN,2019
2019-0387-TWN,2019
2019-0412-BHS,2019
2019-0412-USA,2019
2019-0417-USA,2019
2019-0418-MEX,2019
2019-0424-CHN,2019
2019-0424-JPN,2019
2019-0424-KOR,2019
2019-0424-PRK,2019
2019-0434-PHL,2019
2019-0443-JPN,2019
2019-0443-KOR,2019
2019-0450-MEX,2019
2019-0472-CHN,2019
2019-0472-KOR,2019
2019-0492-JPN,2019
2019-0519-MEX,2019
2019-0521-JPN,2019
2019-0534-VNM,2019
2019-0541-PHL,2019
2019-0549-PHL,2019
2019-0549-VNM,2019
2019-0550-BGD,2019
2019-0550-IND,2019
2019-0573-PHL,2019
2019-0600-SOM,2019
2019-0601-COM,2019
2019-0601-MDG,2019
2019-0634-PHL,2019
2019-0642-FJI,2019
2020-0015-FJI,2020
2020-0015-TUV,2020
2020-0103-MDG,2020
2020-0132-FJI,2020
2020-0132-SLB,2020
2020-0132-TON,2020
2020-0132-VUT,2020
2020-0203-PHL,2020
2020-0211-BGD,2020
2020-0211-IND,2020
2020-0211-LKA,2020
2020-0217-IND,2020
2020-0218-GTM,2020
2020-0218-HND,2020
2020-0218-SLV,2020
2020-0219-MEX,2020
2020-0219-USA,2020
2020-0307-LAO,2020
2020-0307-THA,2020
2020-0307-VNM,2020
2020-0308-CHN,2020
2020-0308-KOR,2020
2020-0308-TWN,2020
2020-0312-CUB,2020
2020-0312-DOM,2020
2020-0312-PRI,2020
2020-0312-USA,2020
2020-0316-MEX,2020
2020-0316-USA,2020
2020-0355-CHN,2020
2020-0376-DOM,2020
2020-0376-HTI,2020
2020-0376-USA,2020
2020-0400-JPN,2020
2020-0400-KOR,2020
2020-0403-JPN,2020
2020-0403-KOR,2020
2020-0411-KHM,2020
2020-0411-LAO,2020
2020-0411-THA,2020
2020-0411-VNM,2020
2020-0412-USA,2020
2020-0416-MEX,2020
2020-0425-CHN,2020
2020-0425-VNM,2020
2020-0438-USA,2020
2020-0452-PHL,2020
2020-0462-KHM,2020
2020-0462-THA,2020
2020-0462-VNM,2020
2020-0463-PHL,2020
2020-0470-PHL,2020
2020-0470-VNM,2020
2020-0474-BLZ,2020
2020-0474-COL,2020
2020-0474-CRI,2020
2020-0474-GTM,2020
2020-0474-HND,2020
2020-0474-MEX,2020
2020-0474-NIC,2020
2020-0474-PAN,2020
2020-0474-SLV,2020
2020-0474-USA,2020
2020-0483-MEX,2020
2020-0483-USA,2020
2020-0487-SOM,2020
2020-0495-COL,2020
2020-0495-GTM,2020
2020-0495-HND,2020
2020-0495-NIC,2020
2020-0495-PAN,2020
2020-0495-SLV,2020
2020-0501-PHL,2020
2020-0501-VNM,2020
2020-0524-IND,2020
2020-0542-VNM,2020
2020-0554-FJI,2020
2020-0558-PHL,2020
2020-0558-VNM,2020
2021-0036-MDG,2021
2021-0036-MOZ,2021
2021-0036-SWZ,2021
2021-0036-ZAF,2021
2021-0036-ZWE,2021
2021-0070-FJI,2021
2021-0091-PHL,2021
2021-0125-AUS,2021
2021-0125-NCL,2021
2021-0173-AUS,2021
2021-0173-IDN,2021
2021-0173-TLS,2021
2021-0236-PHL,2021
2021-0236-PLW,2021
2021-0252-IND,2021
2021-0252-LKA,2021
2021-0252-MDV,2021
2021-0295-BGD,2021
2021-0295-IND,2021
2021-0325-MEX,2021
2021-0327-LAO,2021
2021-0327-VNM,2021
2021-0339-PHL,2021
2021-0339-TWN,2021
2021-0359-MEX,2021
2021-0373-BRB,2021
2021-0373-CUB,2021
2021-0373-DOM,2021
2021-0373-HTI,2021
2021-0373-LCA,2021
2021-0373-USA,2021
2021-0373-VCT,2021
2021-0498-CHN,2021
2021-0510-DOM,2021
2021-0510-HTI,2021
2021-0528-MEX,2021
2021-0531-USA,2021
2021-0532-USA,2021
2021-0551-CUB,2021
2021-0551-USA,2021
2021-0552-MEX,2021
2021-0578-KOR,2021
2021-0583-USA,2021
2021-0595-PHL,2021
2021-0595-VNM,2021
2021-0630-IND,2021
2021-0645-IND,2021
2021-0645-IRN,2021
2021-0645-OMN,2021
2021-0664-HKG,2021
2021-0664-PHL,2021
2021-0670-HKG,2021
2021-0670-PHL,2021
2021-0698-VNM,2021
2021-0702-MEX,2021
2021-0777-IND,2021
2021-0813-PHL,2021
2021-0813-VNM,2021
