event_id,year,true_label,lightgbm_prediction,rf_prediction,rf_correct,lightgbm_correct,outcome
2022-0643-HTI,2022,High,Extreme,High,True,False,rf_only_correct
2022-0647-HND,2022,Low,Low,Low,True,True,both_correct
2022-0652-UGA,2022,Moderate,Low,High,False,False,both_wrong
2022-0003-IND,2022,Moderate,Moderate,Moderate,True,True,both_correct
2022-0062-IDN,2022,Moderate,Moderate,Moderate,True,True,both_correct
2022-0009-ZAF,2022,Moderate,Low,Low,False,False,both_wrong
2022-0013-FJI,2022,Low,Low,Low,True,True,both_correct
2022-0017-ZAF,2022,Moderate,Moderate,Moderate,True,True,both_correct
2022-0018-TZA,2022,Moderate,Moderate,Moderate,True,True,both_correct
2022-0019-EGY,2022,Moderate,Moderate,Moderate,True,True,both_correct
2022-0024-USA,2022,Moderate,Moderate,Moderate,True,True,both_correct
2022-0030-PHL,2022,Moderate,Moderate,Moderate,True,True,both_correct
2022-0032-MDG,2022,Moderate,Low,Low,False,False,both_wrong
2022-0043-ZMB,2022,Low,Low,Low,True,True,both_correct
2022-0061-MUS,2022,Low,Low,Low,True,True,both_correct
2022-0046-AUS,2022,Low,Low,Low,True,True,both_correct
2022-0049-CMR,2022,Moderate,Moderate,High,False,True,lightgbm_only_correct
2022-0059-USA,2022,Moderate,Moderate,Moderate,True,True,both_correct
2022-0073-COL,2022,Moderate,Moderate,Moderate,True,True,both_correct
2022-0081-DNK,2022,Low,Low,Low,True,True,both_correct
2022-0081-POL,2022,Low,Low,Low,True,True,both_correct
2022-0087-IDN,2022,Low,Low,Low,True,True,both_correct
2022-0111-GRC,2022,Moderate,Moderate,Moderate,True,True,both_correct
2022-0092-GTM,2022,Low,Low,Low,True,True,both_correct
2022-0097-POL,2022,Low,Low,Low,True,True,both_correct
2022-0112-BEL,2022,Low,Low,Low,True,True,both_correct
2022-0112-GBR,2022,Low,Low,Low,True,True,both_correct
2022-0112-IRL,2022,Low,Low,Low,True,True,both_correct
2022-0119-THA,2022,Low,Low,Low,True,True,both_correct
2022-0136-IDN,2022,Low,Low,Low,True,True,both_correct
2022-0137-MDG,2022,Low,Low,Low,True,True,both_correct
2022-0149-BRA,2022,Low,Low,Low,True,True,both_correct
2022-0153-JPN,2022,Low,Low,Low,True,True,both_correct
2022-0162-BGD,2022,Moderate,Moderate,Moderate,True,True,both_correct
2022-0165-MMR,2022,Moderate,Moderate,Moderate,True,True,both_correct
2022-0177-ECU,2022,Low,Low,Low,True,True,both_correct
2022-0231-BIH,2022,Low,Low,Low,True,True,both_correct
2022-0237-NGA,2022,High,Moderate,High,True,False,rf_only_correct
2022-0238-JPN,2022,Moderate,Moderate,Moderate,True,True,both_correct
2022-0239-MDG,2022,Moderate,Low,Low,False,False,both_wrong
2022-0255-COD,2022,Low,High,Extreme,False,False,both_wrong
2022-0257-NGA,2022,Low,Low,Moderate,False,True,lightgbm_only_correct
2022-0269-CHN,2022,Moderate,Moderate,Moderate,True,True,both_correct
2022-0282-LBR,2022,Moderate,Extreme,Extreme,False,False,both_wrong
2022-0311-MMR,2022,Moderate,Moderate,Moderate,True,True,both_correct
2022-0319-TZA,2022,Low,Low,High,False,True,lightgbm_only_correct
2022-0325-USA,2022,Low,Low,Low,True,True,both_correct
2022-0330-NPL,2022,Moderate,Moderate,High,False,True,lightgbm_only_correct
2022-0343-RUS,2022,Low,Low,Low,True,True,both_correct
2022-0358-TUR,2022,Low,Low,Low,True,True,both_correct
2022-0373-FRA,2022,Low,Low,Low,True,True,both_correct
2022-0381-USA,2022,Moderate,Moderate,Moderate,True,True,both_correct
2022-0388-COL,2022,Low,Moderate,Moderate,False,False,both_wrong
2022-0391-IND,2022,Moderate,Moderate,Moderate,True,True,both_correct
2022-0423-JPN,2022,Moderate,High,High,False,False,both_wrong
2022-0428-CHN,2022,Moderate,High,High,False,False,both_wrong
2022-0434-MEX,2022,Moderate,Moderate,Moderate,True,True,both_correct
2022-0435-PAK,2022,Moderate,Moderate,Moderate,True,True,both_correct
2022-0465-CYP,2022,High,Low,Extreme,False,False,both_wrong
2022-0449-CAF,2022,Moderate,Low,Low,False,False,both_wrong
2022-0463-CHN,2022,Moderate,Moderate,Moderate,True,True,both_correct
2022-0465-BGR,2022,Extreme,Low,Extreme,True,False,rf_only_correct
2022-0465-DEU,2022,Extreme,High,High,False,False,both_wrong
2022-0465-ESP,2022,Extreme,Low,Extreme,True,False,rf_only_correct
2022-0465-EST,2022,High,Low,Extreme,False,False,both_wrong
2022-0465-FIN,2022,High,Low,High,True,False,rf_only_correct
2022-0465-GBR,2022,Extreme,Extreme,High,False,True,lightgbm_only_correct
2022-0465-HRV,2022,High,Low,Extreme,False,False,both_wrong
2022-0465-MLT,2022,Moderate,Low,Extreme,False,False,both_wrong
2022-0465-MNE,2022,Moderate,Low,Extreme,False,False,both_wrong
2022-0465-NLD,2022,High,High,High,True,True,both_correct
2022-0465-POL,2022,High,High,Extreme,False,True,lightgbm_only_correct
2022-0465-PRT,2022,Extreme,Extreme,Extreme,True,True,both_correct
2022-0465-SVK,2022,High,High,Extreme,False,True,lightgbm_only_correct
2022-0465-SWE,2022,Moderate,High,High,False,False,both_wrong
2022-0473-RUS,2022,Low,Low,Low,True,True,both_correct
2022-0474-THA,2022,Low,Low,Low,True,True,both_correct
2022-0505-CUB,2022,Moderate,Moderate,Moderate,True,True,both_correct
2022-0476-IRN,2022,Moderate,Low,Low,False,False,both_wrong
2022-0483-CIV,2022,Moderate,Moderate,Moderate,True,True,both_correct
2022-0490-LKA,2022,Low,Low,Low,True,True,both_correct
2022-0496-JPN,2022,Low,Low,Low,True,True,both_correct
2022-0515-LAO,2022,Low,Low,Low,True,True,both_correct
2022-0520-DZA,2022,Moderate,Low,Low,False,False,both_wrong
2022-0567-CHN,2022,High,Low,Low,False,False,both_wrong
2022-0569-ZWE,2022,High,Low,Extreme,False,False,both_wrong
2022-0590-NPL,2022,Moderate,High,High,False,False,both_wrong
2022-0602-IRQ,2022,Moderate,Moderate,Moderate,True,True,both_correct
2022-0603-PRI,2022,Moderate,Low,Low,False,False,both_wrong
2022-0604-JPN,2022,Low,Low,Low,True,True,both_correct
2022-0611-TWN,2022,Low,Low,Low,True,True,both_correct
2022-0613-PHL,2022,Moderate,Low,Low,False,False,both_wrong
2022-0614-CUB,2022,Low,Low,Low,True,True,both_correct
2022-0619-IDN,2022,High,Moderate,Moderate,False,False,both_wrong
2022-0622-MEX,2022,Low,Low,Low,True,True,both_correct
2022-0835-KHM,2022,Moderate,Moderate,High,False,True,lightgbm_only_correct
2022-0623-MEX,2022,Low,Low,Low,True,True,both_correct
2022-0627-JPN,2022,Low,Low,Low,True,True,both_correct
2022-0838-MEX,2022,Moderate,Moderate,Moderate,True,True,both_correct
2022-0629-GTM,2022,Moderate,Moderate,Moderate,True,True,both_correct
2022-0642-IDN,2022,Moderate,Low,Low,False,False,both_wrong
2022-0647-NIC,2022,Low,Low,Low,True,True,both_correct
2022-0648-VEN,2022,High,Moderate,Moderate,False,False,both_wrong
2022-0669-ETH,2022,High,High,High,True,True,both_correct
2022-0670-KHM,2022,Moderate,Moderate,Moderate,True,True,both_correct
2022-0672-COL,2022,Moderate,Moderate,Moderate,True,True,both_correct
2022-0674-NGA,2022,High,High,High,True,True,both_correct
2022-0677-LKA,2022,Low,Low,Low,True,True,both_correct
2022-0679-AUS,2022,Low,Low,Low,True,True,both_correct
2022-0782-IDN,2022,Low,Low,Low,True,True,both_correct
2022-0694-IDN,2022,Low,Low,Low,True,True,both_correct
2022-0783-BRA,2022,Moderate,Low,Low,False,False,both_wrong
2023-0021-CHN,2023,Moderate,Moderate,Moderate,True,True,both_correct
2023-0034-SYR,2023,Moderate,Moderate,Moderate,True,True,both_correct
2022-0696-BEN,2022,Moderate,Low,Low,False,False,both_wrong
2022-0701-UGA,2022,Moderate,Moderate,High,False,True,lightgbm_only_correct
2022-0711-COD,2022,Moderate,Moderate,High,False,True,lightgbm_only_correct
2022-0725-TZA,2022,Moderate,Moderate,High,False,True,lightgbm_only_correct
2022-0734-USA,2022,Low,Low,Low,True,True,both_correct
2022-0735-USA,2022,Low,Low,Low,True,True,both_correct
2022-0740-EGY,2022,Moderate,Moderate,Moderate,True,True,both_correct
2022-0770-COD,2022,Moderate,High,High,False,False,both_wrong
2022-0770-RWA,2022,Low,Low,Low,True,True,both_correct
2022-0774-CMR,2022,Moderate,Moderate,Moderate,True,True,both_correct
2022-0776-CHN,2022,Moderate,Moderate,Moderate,True,True,both_correct
2022-0779-NGA,2022,Moderate,Moderate,Moderate,True,True,both_correct
2022-0823-CHL,2022,Low,Low,Low,True,True,both_correct
2022-0785-LKA,2022,Low,Low,Low,True,True,both_correct
2022-0807-THA,2022,Moderate,Moderate,Moderate,True,True,both_correct
2022-0808-USA,2022,Low,Low,Low,True,True,both_correct
2022-0810-THA,2022,Low,Low,Low,True,True,both_correct
2022-0811-USA,2022,Low,Low,Low,True,True,both_correct
2022-0818-USA,2022,Moderate,Low,Low,False,False,both_wrong
2022-0828-CHL,2022,Low,Low,Low,True,True,both_correct
2022-0829-IND,2022,Moderate,Moderate,Moderate,True,True,both_correct
2022-0847-IDN,2022,Low,Low,Low,True,True,both_correct
2022-0858-KEN,2022,High,Moderate,High,True,False,rf_only_correct
2022-9209-USA,2022,High,Low,Low,False,False,both_wrong
2023-0032-USA,2023,Moderate,Low,Low,False,False,both_wrong
2023-0156-PAK,2023,Moderate,Low,Low,False,False,both_wrong
2023-0013-UKR,2023,Moderate,Moderate,Moderate,True,True,both_correct
2023-0017-UGA,2023,Moderate,Moderate,Moderate,True,True,both_correct
2023-0043-MOZ,2023,High,High,High,True,True,both_correct
2023-0052-USA,2023,Moderate,Low,Low,False,False,both_wrong
2023-0055-BOL,2023,Low,Low,Low,True,True,both_correct
2023-0060-PER,2023,Moderate,Moderate,Moderate,True,True,both_correct
2023-0078-MOZ,2023,Moderate,Low,Low,False,False,both_wrong
2023-0065-CHN,2023,Moderate,Moderate,Moderate,True,True,both_correct
2023-0075-ITA,2023,Low,Low,Low,True,True,both_correct
2023-0107-TUR,2023,Low,Low,Low,True,True,both_correct
2023-0113-GRC,2023,Moderate,Low,Low,False,False,both_wrong
2023-0091-TUR,2023,Low,Low,Low,True,True,both_correct
2023-0094-PHL,2023,Moderate,Low,Low,False,False,both_wrong
2023-0105-ITA,2023,Moderate,Moderate,Moderate,True,True,both_correct
2023-0122-USA,2023,Moderate,Low,Low,False,False,both_wrong
2023-0127-IDN,2023,Low,Low,Low,True,True,both_correct
2023-0135-USA,2023,Low,Low,Low,True,True,both_correct
2023-0140-SSD,2023,Low,High,High,False,False,both_wrong
2023-0150-TUN,2023,Moderate,Moderate,Moderate,True,True,both_correct
2023-0166-NGA,2023,Extreme,High,Extreme,True,False,rf_only_correct
2023-0185-TUN,2023,Moderate,Moderate,Moderate,True,True,both_correct
2023-0187-ETH,2023,Moderate,Moderate,Low,False,True,lightgbm_only_correct
2023-0189-PNG,2023,Low,Low,Low,True,True,both_correct
2023-0195-IND,2023,Moderate,Moderate,Moderate,True,True,both_correct
2023-0530-MMR,2023,Moderate,High,High,False,False,both_wrong
2023-0200-COL,2023,Low,Low,Low,True,True,both_correct
2023-0218-MAR,2023,Moderate,Moderate,Moderate,True,True,both_correct
2023-0234-IND,2023,Moderate,High,High,False,False,both_wrong
2023-0239-USA,2023,Low,Low,Low,True,True,both_correct
2023-0251-YEM,2023,Moderate,Moderate,Moderate,True,True,both_correct
2023-0252-TUR,2023,Low,Low,Low,True,True,both_correct
2023-0270-ITA,2023,Low,Low,Low,True,True,both_correct
2023-0272-CAN,2023,Low,Low,Low,True,True,both_correct
2023-0275-EGY,2023,Moderate,Moderate,Moderate,True,True,both_correct
2023-0280-CAN,2023,Low,Low,Low,True,True,both_correct
2023-0290-SLE,2023,Moderate,Low,Low,False,False,both_wrong
2023-0291-AFG,2023,Low,High,High,False,False,both_wrong
2023-0294-BGD,2023,Low,Low,Low,True,True,both_correct
2023-0295-SOM,2023,Moderate,Moderate,Low,False,True,lightgbm_only_correct
2023-0306-PAK,2023,Moderate,Moderate,High,False,True,lightgbm_only_correct
2023-0310-SLV,2023,Moderate,Moderate,Moderate,True,True,both_correct
2023-0312-CMR,2023,Moderate,Moderate,Moderate,True,True,both_correct
2023-0313-NGA,2023,Moderate,High,Moderate,True,False,rf_only_correct
2023-0324-USA,2023,Low,Low,Low,True,True,both_correct
2023-0612-NGA,2023,Moderate,Moderate,Moderate,True,True,both_correct
2023-0325-BRA,2023,Moderate,Low,Low,False,False,both_wrong
2023-0620-UZB,2023,Low,Moderate,Moderate,False,False,both_wrong
2023-0331-PAK,2023,Low,High,High,False,False,both_wrong
2023-0337-CUB,2023,Low,Low,Low,True,True,both_correct
2023-0339-HTI,2023,Moderate,Low,Low,False,False,both_wrong
2023-0341-CHN,2023,Moderate,High,High,False,False,both_wrong
2023-0626-NGA,2023,Moderate,Moderate,High,False,True,lightgbm_only_correct
2023-0364-USA,2023,Moderate,High,High,False,False,both_wrong
2023-0384-YEM,2023,High,Low,Low,False,False,both_wrong
2023-0385-PER,2023,High,High,High,True,True,both_correct
2023-0396-IND,2023,Moderate,Moderate,Moderate,True,True,both_correct
2023-0397-KEN,2023,Moderate,Moderate,Moderate,True,True,both_correct
2023-0400-ITA,2023,Moderate,Moderate,Moderate,True,True,both_correct
2023-0402-CAN,2023,Moderate,Moderate,Moderate,True,True,both_correct
2023-0413-JPN,2023,Low,Low,Low,True,True,both_correct
2023-0428-IND,2023,Extreme,Extreme,Extreme,True,True,both_correct
2023-0428-PAK,2023,High,High,High,True,True,both_correct
2023-0429-MEX,2023,Moderate,Moderate,Moderate,True,True,both_correct
2023-0434-BRA,2023,Moderate,Low,Low,False,False,both_wrong
2023-0471-MAR,2023,Moderate,Moderate,Moderate,True,True,both_correct
2023-0473-BGD,2023,High,High,High,True,True,both_correct
2023-0438-ALB,2023,High,Low,Extreme,False,False,both_wrong
2023-0438-DNK,2023,High,High,High,True,True,both_correct
2023-0438-FRA,2023,Extreme,Extreme,Extreme,True,True,both_correct
2023-0438-GBR,2023,Extreme,Extreme,High,False,True,lightgbm_only_correct
2023-0438-HRV,2023,High,Low,Extreme,False,False,both_wrong
2023-0477-CMR,2023,Low,Low,Low,True,True,both_correct
2023-0485-BRA,2023,Moderate,Moderate,Moderate,True,True,both_correct
2023-0438-MNE,2023,Moderate,Low,Extreme,False,False,both_wrong
2023-0486-IND,2023,Moderate,Extreme,Extreme,False,False,both_wrong
2023-0490-KOR,2023,Low,Low,Low,True,True,both_correct
2023-0493-UGA,2023,Moderate,Moderate,Moderate,True,True,both_correct
2023-0438-POL,2023,High,High,Extreme,False,True,lightgbm_only_correct
2023-0438-PRT,2023,Extreme,Extreme,Extreme,True,True,both_correct
2023-0438-SRB,2023,High,Low,Extreme,False,False,both_wrong
2023-0451-COL,2023,Moderate,Moderate,Moderate,True,True,both_correct
2023-0460-HRV,2023,Low,Low,Low,True,True,both_correct
2023-0467-CMR,2023,Moderate,Moderate,High,False,True,lightgbm_only_correct
2023-0497-SVN,2023,Low,Low,Low,True,True,both_correct
2023-0503-CHN,2023,Moderate,Moderate,Moderate,True,True,both_correct
2023-0518-VNM,2023,Moderate,Low,Low,False,False,both_wrong
2023-0539-CHL,2023,Low,Low,Low,True,True,both_correct
2023-0542-PAK,2023,Moderate,High,High,False,False,both_wrong
2023-0547-IND,2023,Moderate,Moderate,Moderate,True,True,both_correct
2023-0548-IND,2023,Moderate,Moderate,Moderate,True,True,both_correct
2023-0582-TUR,2023,Low,Low,Low,True,True,both_correct
2023-0585-PHL,2023,Moderate,Moderate,Moderate,True,True,both_correct
2023-0591-CHN,2023,Moderate,Moderate,Moderate,True,True,both_correct
2023-0593-PER,2023,Moderate,Moderate,Moderate,True,True,both_correct
2023-0595-MYS,2023,Moderate,Moderate,Moderate,True,True,both_correct
2023-0610-LBY,2023,Extreme,Low,Low,False,False,both_wrong
2023-0611-NGA,2023,Moderate,Moderate,Moderate,True,True,both_correct
2023-0640-BRA,2023,Moderate,Moderate,Moderate,True,True,both_correct
2023-0647-MEX,2023,Moderate,Low,Low,False,False,both_wrong
2023-0703-SLV,2023,Low,Low,Low,True,True,both_correct
2023-0746-MNG,2023,Low,Low,Low,True,True,both_correct
2023-0656-USA,2023,Low,Low,Low,True,True,both_correct
2023-0659-IRN,2023,Low,Low,Low,True,True,both_correct
2023-0761-BGR,2023,Low,Low,Low,True,True,both_correct
2023-0721-KEN,2023,High,Low,Low,False,False,both_wrong
2023-0728-ETH,2023,Moderate,Moderate,Low,False,True,lightgbm_only_correct
2023-0731-IRN,2023,Moderate,Moderate,Moderate,True,True,both_correct
2023-0762-PHL,2023,Moderate,Low,Low,False,False,both_wrong
2023-0772-COG,2023,Moderate,Moderate,Moderate,True,True,both_correct
2023-0784-LKA,2023,Low,Low,Low,True,True,both_correct
2023-0794-PHL,2023,Moderate,Moderate,Moderate,True,True,both_correct
2023-0795-HND,2023,Moderate,Moderate,Moderate,True,True,both_correct
2023-0804-MDA,2023,Low,Low,Low,True,True,both_correct
2023-0804-TUR,2023,Low,Low,Low,True,True,both_correct
2023-0807-TZA,2023,Moderate,Low,Low,False,False,both_wrong
2023-0812-IND,2023,Moderate,Moderate,Moderate,True,True,both_correct
2023-0820-IDN,2023,Moderate,Low,Moderate,True,False,rf_only_correct
2023-0826-USA,2023,Low,Low,Low,True,True,both_correct
2023-0855-ZAF,2023,Moderate,Low,Low,False,False,both_wrong
2023-0856-AUS,2023,Moderate,Low,Low,False,False,both_wrong
2023-0837-GIN,2023,Moderate,Moderate,High,False,True,lightgbm_only_correct
2023-0843-USA,2023,Low,Low,Low,True,True,both_correct
2023-0847-ZAF,2023,Low,Low,Low,True,True,both_correct
2023-0852-NIC,2023,Moderate,Moderate,Moderate,True,True,both_correct
2023-0854-MYS,2023,Low,Low,Low,True,True,both_correct
2023-0868-COG,2023,Moderate,Low,Low,False,False,both_wrong
2023-0875-LSO,2023,Low,Low,Low,True,True,both_correct
2023-0876-SOM,2023,Moderate,High,High,False,False,both_wrong
2023-0882-MLI,2023,Moderate,Moderate,High,False,True,lightgbm_only_correct
2023-0460-BIH,2023,Low,Low,Low,True,True,both_correct
2023-0450-VNM,2023,Low,Low,Low,True,True,both_correct
2023-0137-PER,2023,Moderate,Low,Low,False,False,both_wrong
2023-0495-LAO,2023,Low,Low,Low,True,True,both_correct
2023-0490-RUS,2023,Low,Low,Low,True,True,both_correct
2023-0490-JPN,2023,Low,Low,Low,True,True,both_correct
2023-0489-ZAF,2023,Low,Low,Moderate,False,True,lightgbm_only_correct
2023-0487-RUS,2023,Moderate,Low,Low,False,False,both_wrong
2023-0478-SEN,2023,Moderate,Moderate,Moderate,True,True,both_correct
2023-0469-IDN,2023,Moderate,Moderate,Moderate,True,True,both_correct
2023-0468-DZA,2023,Moderate,Low,Low,False,False,both_wrong
2023-0466-CHE,2023,Low,Low,Low,True,True,both_correct
2023-0465-CAN,2023,Low,Low,Low,True,True,both_correct
2023-0464-PHL,2023,Moderate,Low,Low,False,False,both_wrong
2023-0462-PAK,2023,Moderate,High,High,False,False,both_wrong
2023-0438-IRL,2023,Moderate,High,High,False,False,both_wrong
2023-0438-HUN,2023,High,High,Extreme,False,True,lightgbm_only_correct
2023-0438-CHE,2023,High,Extreme,High,True,False,rf_only_correct
2023-0438-BEL,2023,High,Extreme,High,True,False,rf_only_correct
2023-0437-IDN,2023,Low,Low,Low,True,True,both_correct
2023-0406-IND,2023,High,Moderate,Moderate,False,False,both_wrong
2023-0405-MLI,2023,Moderate,Moderate,Moderate,True,True,both_correct
2023-0370-USA,2023,Low,Low,Low,True,True,both_correct
2023-0359-IND,2023,Moderate,Extreme,Extreme,False,False,both_wrong
2023-0328-IND,2023,High,High,High,True,True,both_correct
2023-0326-NPL,2023,Moderate,High,High,False,False,both_wrong
2023-0315-MEX,2023,Moderate,Moderate,Moderate,True,True,both_correct
2023-0314-ZMB,2023,Moderate,Moderate,Moderate,True,True,both_correct
2023-0311-MWI,2023,Moderate,Moderate,Moderate,True,True,both_correct
2023-0297-MNG,2023,Low,Low,Low,True,True,both_correct
2023-0294-MMR,2023,High,High,Low,False,True,lightgbm_only_correct
2023-0293-ITA,2023,Moderate,Low,Low,False,False,both_wrong
2023-0289-RUS,2023,Moderate,Low,Low,False,False,both_wrong
2023-0266-PAK,2023,Moderate,Moderate,High,False,True,lightgbm_only_correct
2023-0238-PER,2023,Low,Low,Low,True,True,both_correct
2023-0229-IRN,2023,Low,Low,Low,True,True,both_correct
2023-0227-IDN,2023,Low,Moderate,Moderate,False,False,both_wrong
2023-0222-BDI,2023,Moderate,Low,Low,False,False,both_wrong
2023-0221-PER,2023,Moderate,Low,Low,False,False,both_wrong
2023-0219-ITA,2023,Moderate,Moderate,Moderate,True,True,both_correct
2023-0215-KOR,2023,Low,Low,Low,True,True,both_correct
2023-0201-SOM,2023,Moderate,High,High,False,False,both_wrong
2023-0193-COD,2023,Moderate,Moderate,Moderate,True,True,both_correct
2023-0187-KEN,2023,Moderate,Low,Low,False,False,both_wrong
2023-0182-MEX,2023,Moderate,Moderate,Moderate,True,True,both_correct
2023-0176-USA,2023,Moderate,Low,Low,False,False,both_wrong
2023-0173-PAK,2023,Moderate,Moderate,High,False,True,lightgbm_only_correct
2023-0156-AFG,2023,Low,High,Extreme,False,False,both_wrong
2023-0152-BGD,2023,Moderate,Moderate,Moderate,True,True,both_correct
2023-0146-IRN,2023,Moderate,Moderate,Moderate,True,True,both_correct
2023-0764-GTM,2023,Moderate,Moderate,Moderate,True,True,both_correct
2023-0881-BFA,2023,Moderate,Extreme,Extreme,False,False,both_wrong
2023-0809-BDI,2023,Low,Low,Low,True,True,both_correct
2023-0805-PAK,2023,Moderate,Moderate,High,False,True,lightgbm_only_correct
2023-0792-IND,2023,Moderate,Low,Low,False,False,both_wrong
2023-0791-PHL,2023,Low,Low,Low,True,True,both_correct
2023-0785-USA,2023,Low,Low,Low,True,True,both_correct
2023-0777-BRA,2023,Low,Low,Low,True,True,both_correct
2023-0775-SUR,2023,Moderate,Moderate,Moderate,True,True,both_correct
2023-0769-COD,2023,Low,High,High,False,False,both_wrong
2023-0763-DOM,2023,Moderate,Low,Low,False,False,both_wrong
2023-0761-TUR,2023,Moderate,Low,Low,False,False,both_wrong
2023-0758-IND,2023,Moderate,Moderate,Moderate,True,True,both_correct
2023-0756-CHN,2023,Moderate,Moderate,Moderate,True,True,both_correct
2023-0741-SOM,2023,High,Moderate,Low,False,False,both_wrong
2023-0733-LKA,2023,Low,Low,Low,True,True,both_correct
2023-0730-CHL,2023,Moderate,Moderate,Moderate,True,True,both_correct
2023-0724-NLD,2023,Low,Low,Low,True,True,both_correct
2023-0724-ESP,2023,Low,Low,Low,True,True,both_correct
2023-0722-NPL,2023,High,High,Low,False,True,lightgbm_only_correct
2023-0686-BGD,2023,Low,Low,Low,True,True,both_correct
2023-0685-YEM,2023,Low,Low,Low,True,True,both_correct
2023-0683-SOM,2023,Low,Moderate,Low,True,False,rf_only_correct
2023-0660-AFG,2023,Low,High,High,False,False,both_wrong
2023-0644-BEN,2023,Moderate,Moderate,High,False,True,lightgbm_only_correct
2023-0642-PER,2023,Moderate,Moderate,Moderate,True,True,both_correct
2023-0634-CMR,2023,Moderate,Moderate,High,False,True,lightgbm_only_correct
2023-0623-TWN,2023,Low,Low,Low,True,True,both_correct
2023-0622-IND,2023,High,Moderate,Moderate,False,False,both_wrong
2023-0619-ZAF,2023,Moderate,Low,Low,False,False,both_wrong
2023-0614-CHN,2023,Moderate,Moderate,Moderate,True,True,both_correct
2023-0609-JPN,2023,Low,Low,Low,True,True,both_correct
2023-0599-TUN,2023,Moderate,Moderate,Moderate,True,True,both_correct
2023-0597-RUS,2023,Moderate,Moderate,Moderate,True,True,both_correct
2023-0596-MMR,2023,Moderate,Moderate,Moderate,True,True,both_correct
2023-0578-GIN,2023,Low,Low,Low,True,True,both_correct
2023-0565-USA,2023,Low,Low,Low,True,True,both_correct
2023-0564-COG,2023,Moderate,High,High,False,False,both_wrong
2023-0559-DOM,2023,Low,Low,Low,True,True,both_correct
2023-0551-CHN,2023,Moderate,Low,Moderate,True,False,rf_only_correct
2023-0438-LIE,2023,Low,High,High,False,False,both_wrong
2023-0438-LUX,2023,Moderate,High,High,False,False,both_wrong
2022-0633-COG,2022,Moderate,Moderate,Moderate,True,True,both_correct
2022-0654-MLI,2022,Moderate,Low,Low,False,False,both_wrong
2022-0833-ZAF,2022,Moderate,Moderate,Moderate,True,True,both_correct
2023-0300-PHL,2023,Low,Low,Low,True,True,both_correct
2023-0081-ZAF,2023,Moderate,Moderate,Moderate,True,True,both_correct
2022-0839-MAR,2022,Moderate,Moderate,Moderate,True,True,both_correct
2022-0843-MWI,2022,Moderate,Low,Low,False,False,both_wrong
2023-0303-AUS,2023,Moderate,Moderate,Moderate,True,True,both_correct
2023-0309-AUS,2023,Moderate,Moderate,Moderate,True,True,both_correct
2023-0438-LVA,2023,Moderate,Low,Extreme,False,False,both_wrong
2023-0095-MOZ,2023,High,Low,High,True,False,rf_only_correct
2022-0437-NGA,2022,Moderate,Moderate,Moderate,True,True,both_correct
2022-0442-AFG,2022,Moderate,High,High,False,False,both_wrong
2023-0438-NLD,2023,High,High,High,True,True,both_correct
2022-0323-PAK,2022,Low,Moderate,High,False,False,both_wrong
2022-0001-CHN,2022,Moderate,Moderate,Moderate,True,True,both_correct
2022-0005-TZA,2022,Moderate,Moderate,Moderate,True,True,both_correct
2022-0007-USA,2022,Low,Low,Low,True,True,both_correct
2022-0020-BRA,2022,Moderate,Low,Low,False,False,both_wrong
2022-0080-USA,2022,Moderate,Low,Low,False,False,both_wrong
2022-0026-TON,2022,Low,Low,Moderate,False,True,lightgbm_only_correct
2022-0027-AFG,2022,Moderate,High,Extreme,False,False,both_wrong
2022-0028-MAR,2022,Moderate,Moderate,Moderate,True,True,both_correct
2022-0052-MOZ,2022,Moderate,Low,High,False,False,both_wrong
2022-0058-PER,2022,Low,Low,Low,True,True,both_correct
2022-0063-ARG,2022,Moderate,Moderate,Moderate,True,True,both_correct
2022-0066-COD,2022,Moderate,Moderate,Moderate,True,True,both_correct
2022-0069-HTI,2022,Low,Low,Low,True,True,both_correct
2022-0072-SPI,2022,Moderate,Moderate,Moderate,True,True,both_correct
2022-0077-ZAF,2022,Low,Low,Low,True,True,both_correct
2022-0205-ZAF,2022,High,Low,Low,False,False,both_wrong
2022-0093-CAN,2022,Moderate,Moderate,Moderate,True,True,both_correct
2022-0094-IND,2022,Moderate,Moderate,Moderate,True,True,both_correct
2022-0097-GBR,2022,Low,Low,Low,True,True,both_correct
2022-0108-ZAF,2022,Low,Low,Low,True,True,both_correct
2022-0112-POL,2022,Low,Low,Low,True,True,both_correct
2022-0117-COM,2022,Moderate,High,High,False,False,both_wrong
2022-0118-MYS,2022,Moderate,Moderate,Moderate,True,True,both_correct
2022-0206-TUN,2022,Moderate,Moderate,Moderate,True,True,both_correct
2022-0208-EGY,2022,Moderate,Moderate,Moderate,True,True,both_correct
2022-0121-COL,2022,Moderate,Moderate,Moderate,True,True,both_correct
2022-0126-USA,2022,Low,Low,Low,True,True,both_correct
2022-0130-HTI,2022,Low,Low,Low,True,True,both_correct
2022-0158-CHN,2022,High,Moderate,Moderate,False,False,both_wrong
2022-0166-SYR,2022,Moderate,Moderate,Moderate,True,True,both_correct
2022-0263-COD,2022,Low,High,Extreme,False,False,both_wrong
2022-0666-KHM,2022,Moderate,Low,Low,False,False,both_wrong
2022-0215-USA,2022,Low,Low,Low,True,True,both_correct
2022-0218-LBY,2022,Moderate,Moderate,Moderate,True,True,both_correct
2022-0219-IND,2022,Moderate,Moderate,Moderate,True,True,both_correct
2022-0235-POL,2022,Moderate,Moderate,Low,False,True,lightgbm_only_correct
2022-0261-USA,2022,Low,Low,Low,True,True,both_correct
2022-0780-NGA,2022,Moderate,Moderate,Moderate,True,True,both_correct
2022-0265-BRA,2022,Low,Low,Low,True,True,both_correct
2022-0331-IDN,2022,Moderate,Moderate,Moderate,True,True,both_correct
2022-0274-GHA,2022,Moderate,Moderate,Moderate,True,True,both_correct
2022-0275-RUS,2022,Moderate,Low,Low,False,False,both_wrong
2022-0283-CMR,2022,Moderate,High,High,False,False,both_wrong
2022-0293-IND,2022,Extreme,Extreme,Extreme,True,True,both_correct
2022-0314-PHL,2022,Low,Moderate,Moderate,False,False,both_wrong
2022-0581-VNM,2022,Moderate,Moderate,Moderate,True,True,both_correct
2022-0587-BRA,2022,Moderate,Moderate,Moderate,True,True,both_correct
2022-0317-GTM,2022,Moderate,Low,Low,False,False,both_wrong
2022-0347-CIV,2022,Moderate,Low,Low,False,False,both_wrong
2022-0366-CUB,2022,Low,Low,Low,True,True,both_correct
2022-0372-BGD,2022,Moderate,Moderate,High,False,True,lightgbm_only_correct
2022-0382-LBY,2022,Moderate,Moderate,Moderate,True,True,both_correct
2022-0385-TGO,2022,Moderate,Moderate,Moderate,True,True,both_correct
2022-0389-COL,2022,Moderate,Moderate,Moderate,True,True,both_correct
2022-0396-AUS,2022,Low,Low,Low,True,True,both_correct
2022-0397-CHN,2022,Moderate,Low,Low,False,False,both_wrong
2022-0400-SLV,2022,Low,Low,Low,True,True,both_correct
2022-0405-PAK,2022,Extreme,High,High,False,False,both_wrong
2022-0594-LBN,2022,Moderate,Low,Low,False,False,both_wrong
2022-0406-ECU,2022,Low,Low,Low,True,True,both_correct
2022-0408-MYS,2022,Low,Low,Low,True,True,both_correct
2022-0423-KOR,2022,Low,High,High,False,False,both_wrong
2022-0445-SDN,2022,High,Moderate,Low,False,False,both_wrong
2022-0464-NGA,2022,Moderate,Moderate,Moderate,True,True,both_correct
2022-0465-BEL,2022,High,High,High,True,True,both_correct
2022-0465-FRA,2022,Extreme,Extreme,Extreme,True,True,both_correct
2022-0465-GRC,2022,Extreme,High,Extreme,True,False,rf_only_correct
2022-0465-HUN,2022,High,High,Extreme,False,True,lightgbm_only_correct
2022-0465-IRL,2022,Moderate,High,High,False,False,both_wrong
2022-0465-LVA,2022,High,Low,Extreme,False,False,both_wrong
2022-0465-SVN,2022,High,Low,High,True,False,rf_only_correct
2022-0480-USA,2022,Moderate,Low,Low,False,False,both_wrong
2022-0599-TUN,2022,Moderate,Moderate,Moderate,True,True,both_correct
2022-0613-THA,2022,Low,Low,Low,True,True,both_correct
2022-0621-IND,2022,Moderate,Moderate,Moderate,True,True,both_correct
2022-0626-SYR,2022,Moderate,Moderate,Moderate,True,True,both_correct
2022-0631-BGD,2022,Moderate,Moderate,Moderate,True,True,both_correct
2022-0481-UGA,2022,Moderate,Low,Low,False,False,both_wrong
2022-0632-CHN,2022,Moderate,Moderate,Moderate,True,True,both_correct
2022-0525-AUT,2022,Low,Low,Low,True,True,both_correct
2022-0525-FRA,2022,Low,Low,Low,True,True,both_correct
2022-0525-ITA,2022,Low,Low,Low,True,True,both_correct
2022-0534-EGY,2022,Moderate,Moderate,Moderate,True,True,both_correct
2022-0553-MWI,2022,Extreme,High,High,False,False,both_wrong
2022-0564-LBY,2022,Moderate,Moderate,Moderate,True,True,both_correct
2022-0565-IRN,2022,Moderate,Moderate,Moderate,True,True,both_correct
2022-0579-MEX,2022,Low,Low,Low,True,True,both_correct
2022-0676-VNM,2022,Moderate,Low,Low,False,False,both_wrong
2022-0682-VEN,2022,Low,Moderate,Moderate,False,False,both_wrong
2022-0702-NGA,2022,Moderate,Moderate,Moderate,True,True,both_correct
2022-0726-GIN,2022,Moderate,Moderate,Moderate,True,True,both_correct
2022-0733-MDV,2022,Moderate,Moderate,Moderate,True,True,both_correct
2023-0112-NGA,2023,Moderate,Moderate,Moderate,True,True,both_correct
2023-0450-PHL,2023,Low,Low,Low,True,True,both_correct
2023-0454-DZA,2023,Moderate,Moderate,Moderate,True,True,both_correct
2022-0743-COL,2022,Low,Low,Low,True,True,both_correct
2022-0746-COD,2022,Low,High,High,False,False,both_wrong
2022-0775-ITA,2022,Moderate,Low,Low,False,False,both_wrong
2022-0798-LKA,2022,Low,Low,Low,True,True,both_correct
2022-0801-CMR,2022,High,High,High,True,True,both_correct
2022-0809-MYS,2022,Moderate,Moderate,Moderate,True,True,both_correct
2022-0810-MYS,2022,Low,Low,Low,True,True,both_correct
2022-0832-PHL,2022,Moderate,Low,Low,False,False,both_wrong
2022-0863-USA,2022,Moderate,Low,Low,False,False,both_wrong
2023-0002-PHL,2023,Moderate,Low,Low,False,False,both_wrong
2023-0018-UGA,2023,Moderate,Moderate,High,False,True,lightgbm_only_correct
2023-0035-THA,2023,Moderate,Moderate,Moderate,True,True,both_correct
2023-0054-SYR,2023,Extreme,Low,High,False,False,both_wrong
2023-0054-TUR,2023,Extreme,Low,Low,False,False,both_wrong
2023-0057-PAK,2023,Moderate,Moderate,Moderate,True,True,both_correct
2023-0058-BEN,2023,Moderate,Moderate,Moderate,True,True,both_correct
2023-0062-TCD,2023,Moderate,Moderate,Moderate,True,True,both_correct
2023-0074-BFA,2023,Moderate,Moderate,Moderate,True,True,both_correct
2023-0095-MWI,2023,Extreme,Low,Low,False,False,both_wrong
2023-0097-CHN,2023,Moderate,Moderate,Moderate,True,True,both_correct
2023-0102-PHL,2023,Low,Low,Low,True,True,both_correct
2023-0106-DZA,2023,Moderate,Moderate,Moderate,True,True,both_correct
2023-0141-TUR,2023,Moderate,Low,Low,False,False,both_wrong
2023-0147-ITA,2023,High,Moderate,Moderate,False,False,both_wrong
2023-0148-MDG,2023,Moderate,Moderate,Moderate,True,True,both_correct
2023-0149-GAB,2023,Moderate,Moderate,Moderate,True,True,both_correct
2023-0281-COD,2023,Extreme,Low,Low,False,False,both_wrong
2023-0282-PER,2023,Moderate,Moderate,Moderate,True,True,both_correct
2023-0157-BRA,2023,Low,Low,Low,True,True,both_correct
2023-0161-IND,2023,Moderate,Moderate,Moderate,True,True,both_correct
2023-0177-ECU,2023,Moderate,Moderate,Moderate,True,True,both_correct
2023-0180-ZAF,2023,Low,Low,Low,True,True,both_correct
2023-0186-NGA,2023,Moderate,Moderate,Moderate,True,True,both_correct
2023-0206-USA,2023,Low,Low,Low,True,True,both_correct
2023-0354-PAK,2023,Moderate,High,High,False,False,both_wrong
2023-0229-IRQ,2023,Low,Low,Low,True,True,both_correct
2023-0230-CHN,2023,Moderate,Moderate,Moderate,True,True,both_correct
2023-0235-ARE,2023,Moderate,Moderate,Moderate,True,True,both_correct
2023-0267-RWA,2023,High,Low,Low,False,False,both_wrong
2023-0279-JPN,2023,Low,Low,Low,True,True,both_correct
2023-0300-GUM,2023,Low,Low,Low,True,True,both_correct
2023-0357-CHN,2023,Low,Moderate,Moderate,False,False,both_wrong
2023-0365-GTM,2023,Moderate,Low,Low,False,False,both_wrong
2023-0368-GHA,2023,Low,Low,Low,True,True,both_correct
2023-0378-IDN,2023,Low,Low,Low,True,True,both_correct
2023-0391-VEN,2023,Moderate,Low,Low,False,False,both_wrong
2023-0403-GRC,2023,Moderate,Moderate,Moderate,True,True,both_correct
2023-0524-USA,2023,High,Low,Low,False,False,both_wrong
2023-0528-CHN,2023,Low,Low,Low,True,True,both_correct
2023-0438-BGR,2023,Extreme,Low,Extreme,True,False,rf_only_correct
2023-0438-EST,2023,High,Low,Extreme,False,False,both_wrong
2023-0459-IND,2023,Moderate,Moderate,Moderate,True,True,both_correct
2023-0460-SVN,2023,Low,Low,Low,True,True,both_correct
2023-0462-AFG,2023,Moderate,High,High,False,False,both_wrong
2023-0464-TWN,2023,Low,Low,Low,True,True,both_correct
2023-0466-DEU,2023,Low,Low,Low,True,True,both_correct
2023-0488-VNM,2023,Low,Low,Low,True,True,both_correct
2023-0494-IND,2023,Moderate,Moderate,Moderate,True,True,both_correct
2023-0516-CHN,2023,Moderate,Moderate,Moderate,True,True,both_correct
2023-0517-MMR,2023,Low,High,Low,True,False,rf_only_correct
2023-0521-GEO,2023,Moderate,Moderate,Moderate,True,True,both_correct
2023-0535-GRC,2023,Moderate,Low,Low,False,False,both_wrong
2023-0568-CHN,2023,Low,Low,Low,True,True,both_correct
2023-0568-PHL,2023,Low,Low,Low,True,True,both_correct
2023-0570-TJK,2023,Moderate,Low,Low,False,False,both_wrong
2023-0571-PAK,2023,Low,High,High,False,False,both_wrong
2023-0579-MRT,2023,Low,Low,Low,True,True,both_correct
2023-0581-ESP,2023,Low,Low,Low,True,True,both_correct
2023-0589-MEX,2023,Moderate,Moderate,Moderate,True,True,both_correct
2023-0590-TUN,2023,Moderate,Moderate,Moderate,True,True,both_correct
2023-0592-DOM,2023,Moderate,Moderate,Moderate,True,True,both_correct
2023-0598-FRA,2023,Moderate,Moderate,Moderate,True,True,both_correct
2023-0600-MAR,2023,Extreme,Low,Low,False,False,both_wrong
2023-0606-IND,2023,Moderate,Moderate,Moderate,True,True,both_correct
2023-0631-MEX,2023,Moderate,Moderate,Moderate,True,True,both_correct
2023-0691-NGA,2023,High,High,High,True,True,both_correct
2023-0703-HND,2023,Low,Low,Low,True,True,both_correct
2023-0719-ZWE,2023,High,Low,High,True,False,rf_only_correct
2023-0724-ITA,2023,Low,Low,Low,True,True,both_correct
2023-0753-PRY,2023,Low,Low,Low,True,True,both_correct
2023-0763-HTI,2023,Low,Low,Low,True,True,both_correct
2023-0781-ZMB,2023,Moderate,Moderate,Moderate,True,True,both_correct
2023-0793-VEN,2023,Moderate,Moderate,Moderate,True,True,both_correct
2023-0806-ZAF,2023,Moderate,Moderate,Moderate,True,True,both_correct
2023-0840-LBY,2023,Moderate,Moderate,Moderate,True,True,both_correct
2023-0842-PHL,2023,Low,High,Low,True,False,rf_only_correct
2023-0846-IND,2023,Moderate,Low,Moderate,True,False,rf_only_correct
2023-0848-CHN,2023,Moderate,Moderate,Moderate,True,True,both_correct
2023-0853-IDN,2023,Moderate,Moderate,Moderate,True,True,both_correct
2023-0859-LBR,2023,Moderate,Moderate,Moderate,True,True,both_correct
2023-0866-FRA,2023,Low,Low,Low,True,True,both_correct
2023-0878-CPV,2023,Low,Low,High,False,True,lightgbm_only_correct
2023-9868-USA,2023,High,Low,Low,False,False,both_wrong
2022-0625-KHM,2022,Moderate,Moderate,Moderate,True,True,both_correct
2022-0628-IND,2022,Moderate,Moderate,Moderate,True,True,both_correct
2022-0630-GRC,2022,Moderate,Moderate,Moderate,True,True,both_correct
2023-0075-CHE,2023,Low,Low,Low,True,True,both_correct
2022-0081-CZE,2022,Low,Low,Low,True,True,both_correct
2022-0081-DEU,2022,Low,Low,Low,True,True,both_correct
2023-0630-MEX,2023,Moderate,Moderate,Moderate,True,True,both_correct
2023-0039-NPL,2023,Moderate,Moderate,High,False,True,lightgbm_only_correct
2022-0831-RUS,2022,Moderate,Moderate,Moderate,True,True,both_correct
2023-0079-NZL,2023,Moderate,Low,Low,False,False,both_wrong
2023-0190-PAK,2023,Moderate,Moderate,High,False,True,lightgbm_only_correct
2023-0087-GNQ,2023,Moderate,Low,Extreme,False,False,both_wrong
2023-0095-MUS,2023,Low,Low,Low,True,True,both_correct
2023-0095-ZWE,2023,Low,Low,Low,True,True,both_correct
2022-0683-RUS,2022,Moderate,Moderate,Moderate,True,True,both_correct
2023-0196-MAR,2023,Moderate,Moderate,Moderate,True,True,both_correct
2023-0633-MMR,2023,Low,High,Low,True,False,rf_only_correct
2023-0635-VNM,2023,Low,Low,Low,True,True,both_correct
2023-0636-AFG,2023,Extreme,High,High,False,False,both_wrong
2023-0638-ESP,2023,Moderate,Moderate,Moderate,True,True,both_correct
2023-0641-ZAF,2023,Moderate,Moderate,Moderate,True,True,both_correct
2023-0645-CHN,2023,Moderate,Moderate,Moderate,True,True,both_correct
2023-0649-IRQ,2023,High,Moderate,Moderate,False,False,both_wrong
2022-0500-KOR,2022,Moderate,Low,Low,False,False,both_wrong
2023-0652-VNM,2023,Moderate,Moderate,Moderate,True,True,both_correct
2022-0050-GHA,2022,Moderate,Moderate,Moderate,True,True,both_correct
2022-0052-MDG,2022,Moderate,Low,Low,False,False,both_wrong
2022-0418-IDN,2022,Low,Low,Low,True,True,both_correct
2022-0383-JOR,2022,Moderate,Low,Moderate,True,False,rf_only_correct
2022-0384-SEN,2022,Moderate,High,Moderate,True,False,rf_only_correct
2022-0393-IRN,2022,Moderate,Moderate,Moderate,True,True,both_correct
2022-0002-IRN,2022,Low,Low,Low,True,True,both_correct
2022-0014-PAK,2022,Moderate,High,High,False,False,both_wrong
2022-0021-EGY,2022,Moderate,Moderate,Moderate,True,True,both_correct
2022-0055-RWA,2022,Moderate,Low,Low,False,False,both_wrong
2022-0060-AFG,2022,Moderate,High,High,False,False,both_wrong
2022-0065-BRA,2022,Moderate,Low,Low,False,False,both_wrong
2022-0395-IND,2022,Moderate,Moderate,Moderate,True,True,both_correct
2022-0400-NIC,2022,Low,Low,Low,True,True,both_correct
2022-0068-ECU,2022,Moderate,Low,Low,False,False,both_wrong
2022-0071-MEX,2022,Moderate,Moderate,Moderate,True,True,both_correct
2022-0097-DEU,2022,Low,Low,Low,True,True,both_correct
2022-0101-MDG,2022,Moderate,Low,Low,False,False,both_wrong
2022-0103-AUS,2022,Moderate,Low,Low,False,False,both_wrong
2022-0112-DEU,2022,Low,Low,Low,True,True,both_correct
2022-0115-IDN,2022,Moderate,Low,Low,False,False,both_wrong
2022-0119-MYS,2022,Low,Low,Low,True,True,both_correct
2022-0401-ITA,2022,Moderate,Low,Low,False,False,both_wrong
2023-0653-NPL,2023,Low,High,Low,True,False,rf_only_correct
2022-0137-MOZ,2022,Moderate,High,High,False,False,both_wrong
2022-0157-USA,2022,Low,Low,Low,True,True,both_correct
2022-0161-IDN,2022,Moderate,Moderate,Moderate,True,True,both_correct
2022-0163-PER,2022,Moderate,Moderate,Moderate,True,True,both_correct
2022-0201-TLS,2022,Moderate,Low,High,False,False,both_wrong
2022-0210-NGA,2022,Moderate,High,Moderate,True,False,rf_only_correct
2023-0022-SRB,2023,Low,Low,Low,True,True,both_correct
2022-0185-USA,2022,Low,Low,Low,True,True,both_correct
2022-0190-BRA,2022,Moderate,Low,Low,False,False,both_wrong
2022-0192-COL,2022,Moderate,Low,Low,False,False,both_wrong
2022-0193-USA,2022,Low,Low,Low,True,True,both_correct
2022-0194-TUN,2022,Low,Low,Low,True,True,both_correct
2022-0195-PHL,2022,Low,Low,Low,True,True,both_correct
2022-0212-USA,2022,Low,Low,Low,True,True,both_correct
2022-0216-ZWE,2022,Moderate,Moderate,Moderate,True,True,both_correct
2022-0217-IRQ,2022,Moderate,Moderate,Moderate,True,True,both_correct
2022-0229-COL,2022,Low,Low,Low,True,True,both_correct
2022-0230-UZB,2022,Low,Low,Low,True,True,both_correct
2022-0232-COD,2022,Low,Moderate,Low,True,False,rf_only_correct
2022-0232-RWA,2022,Moderate,Low,Low,False,False,both_wrong
2022-0236-TUN,2022,Moderate,Moderate,Moderate,True,True,both_correct
2022-0250-VEN,2022,Low,Low,Low,True,True,both_correct
2022-0271-THA,2022,Low,Low,Low,True,True,both_correct
2022-0291-IND,2022,Moderate,Moderate,Moderate,True,True,both_correct
2023-0671-COD,2023,Moderate,High,High,False,False,both_wrong
2022-0292-VNM,2022,Low,Low,Low,True,True,both_correct
2022-0310-SEN,2022,Moderate,Moderate,High,False,True,lightgbm_only_correct
2022-0402-IRN,2022,Low,Low,Low,True,True,both_correct
2022-0333-MEX,2022,Moderate,Low,Low,False,False,both_wrong
2022-0334-CHN,2022,Low,Low,Low,True,True,both_correct
2022-0342-AFG,2022,Extreme,High,High,False,False,both_wrong
2022-0353-NPL,2022,Moderate,Moderate,High,False,True,lightgbm_only_correct
2022-0446-NER,2022,High,Moderate,Low,False,False,both_wrong
2022-0456-YEM,2022,Moderate,High,Low,False,False,both_wrong
2022-0460-KEN,2022,Moderate,Moderate,Moderate,True,True,both_correct
2022-0465-CHE,2022,High,Extreme,High,True,False,rf_only_correct
2022-0465-CZE,2022,High,High,Extreme,False,True,lightgbm_only_correct
2022-0465-ITA,2022,Extreme,Low,Extreme,True,False,rf_only_correct
2022-0465-LUX,2022,Moderate,Low,High,False,False,both_wrong
2022-0485-PER,2022,Moderate,Moderate,Moderate,True,True,both_correct
2022-0492-GMB,2022,Low,Low,Low,True,True,both_correct
2022-0493-NPL,2022,High,High,High,True,True,both_correct
2022-0609-ITA,2022,Moderate,Low,Low,False,False,both_wrong
2022-0081-GBR,2022,Low,Low,Low,True,True,both_correct
2022-0501-YEM,2022,Moderate,Moderate,Low,False,True,lightgbm_only_correct
2022-0507-BIH,2022,Moderate,Moderate,Moderate,True,True,both_correct
2022-0510-MEX,2022,Moderate,Moderate,Moderate,True,True,both_correct
2022-0530-CHN,2022,Moderate,Low,Moderate,True,False,rf_only_correct
2022-0537-ARM,2022,Moderate,Moderate,Moderate,True,True,both_correct
2022-0540-TUR,2022,Moderate,Moderate,Moderate,True,True,both_correct
2022-0563-IDN,2022,Moderate,Moderate,Moderate,True,True,both_correct
2022-0572-MEX,2022,Low,Low,Low,True,True,both_correct
2022-0586-TUN,2022,Moderate,Moderate,Moderate,True,True,both_correct
2022-0635-THA,2022,Low,Low,Low,True,True,both_correct
2022-0647-SLV,2022,Moderate,Low,Low,False,False,both_wrong
2022-0675-MEX,2022,Low,Low,Low,True,True,both_correct
2022-0685-PHL,2022,Low,Moderate,Moderate,False,False,both_wrong
2022-0698-MEX,2022,Low,Low,Low,True,True,both_correct
2022-0707-PHL,2022,High,Low,Low,False,False,both_wrong
2022-0710-KOR,2022,High,Moderate,Low,False,False,both_wrong
2022-0712-VEN,2022,Low,Low,Low,True,True,both_correct
2022-0789-COL,2022,Moderate,Moderate,Moderate,True,True,both_correct
2022-0721-VEN,2022,Low,Low,Low,True,True,both_correct
2022-0731-NPL,2022,Low,High,Low,True,False,rf_only_correct
2022-0736-IDN,2022,Low,Low,Low,True,True,both_correct
2022-0739-DZA,2022,Moderate,Moderate,Moderate,True,True,both_correct
2022-0755-IDN,2022,High,Low,Low,False,False,both_wrong
2022-0761-EGY,2022,Moderate,Moderate,Moderate,True,True,both_correct
2022-0762-CHN,2022,Moderate,Moderate,Moderate,True,True,both_correct
2022-0765-TUR,2022,Low,High,Low,True,False,rf_only_correct
2022-0777-MAR,2022,Moderate,Moderate,Moderate,True,True,both_correct
2022-0788-ZAF,2022,Moderate,Low,Low,False,False,both_wrong
2023-0059-CUB,2023,Moderate,Moderate,Moderate,True,True,both_correct
2022-0795-VNM,2022,Low,Low,Low,True,True,both_correct
2022-0797-UKR,2022,Moderate,Moderate,Moderate,True,True,both_correct
2022-0806-AFG,2022,Moderate,Moderate,Moderate,True,True,both_correct
2022-0818-CAN,2022,Low,Low,Low,True,True,both_correct
2022-0819-JPN,2022,Moderate,Moderate,Low,False,True,lightgbm_only_correct
2022-0825-BIH,2022,Low,Low,Low,True,True,both_correct
2022-0837-BOL,2022,Moderate,Moderate,Moderate,True,True,both_correct
2022-0857-UGA,2022,Moderate,Low,Low,False,False,both_wrong
2022-0861-MOZ,2022,Moderate,Moderate,Low,False,True,lightgbm_only_correct
2023-0063-JPN,2023,Moderate,Moderate,Moderate,True,True,both_correct
2023-0064-IND,2023,Moderate,Moderate,Moderate,True,True,both_correct
2023-0006-IDN,2023,Low,Low,Low,True,True,both_correct
2023-0011-ARM,2023,Moderate,Moderate,Moderate,True,True,both_correct
2023-0014-SEN,2023,Moderate,Moderate,Moderate,True,True,both_correct
2023-0016-KEN,2023,Moderate,Moderate,Moderate,True,True,both_correct
2023-0019-AFG,2023,High,High,High,True,True,both_correct
2023-0020-MDG,2023,Moderate,Low,Low,False,False,both_wrong
2023-0028-BRA,2023,Low,Low,Low,True,True,both_correct
2023-0037-DZA,2023,Moderate,Moderate,Moderate,True,True,both_correct
2023-0046-NZL,2023,Low,Low,Low,True,True,both_correct
2023-0052-CAN,2023,Low,Low,Low,True,True,both_correct
2023-0120-MYS,2023,Low,Low,Low,True,True,both_correct
2023-0123-IDN,2023,Moderate,Moderate,Moderate,True,True,both_correct
2023-0126-ECU,2023,Moderate,Low,Low,False,False,both_wrong
2023-0131-PER,2023,Moderate,Moderate,Moderate,True,True,both_correct
2022-0112-NLD,2022,Low,Low,Low,True,True,both_correct
2022-0329-NGA,2022,Moderate,Moderate,High,False,True,lightgbm_only_correct
2022-0392-PAK,2022,Moderate,Moderate,Moderate,True,True,both_correct
2022-0543-RUS,2022,Moderate,Moderate,Moderate,True,True,both_correct
2022-0964-TZA,2022,Moderate,Moderate,Moderate,True,True,both_correct
2022-0613-KHM,2022,Moderate,Moderate,Low,False,True,lightgbm_only_correct
2022-0113-BFA,2022,Moderate,Moderate,Moderate,True,True,both_correct
2023-0675-MEX,2023,Moderate,Low,Low,False,False,both_wrong
2022-0116-VNM,2022,Moderate,Moderate,Moderate,True,True,both_correct
2023-0184-SAU,2023,Moderate,Moderate,Moderate,True,True,both_correct
2023-0724-BEL,2023,Low,Low,Low,True,True,both_correct
2023-0724-DEU,2023,Low,Low,Low,True,True,both_correct
2023-0724-FRA,2023,Low,Low,Low,True,True,both_correct
2022-0120-IDN,2022,Moderate,Low,Low,False,False,both_wrong
2022-0011-IDN,2022,Moderate,Low,Low,False,False,both_wrong
2022-0025-CHN,2022,Moderate,Moderate,Moderate,True,True,both_correct
2022-0026-PER,2022,Low,Low,Moderate,False,True,lightgbm_only_correct
2022-0064-BOL,2022,Moderate,Moderate,Moderate,True,True,both_correct
2022-0034-SYR,2022,Low,Low,Low,True,True,both_correct
2022-0035-ZAF,2022,Low,Low,Low,True,True,both_correct
2022-0127-GIN,2022,Moderate,Moderate,Moderate,True,True,both_correct
2022-0541-TUR,2022,Moderate,Moderate,Moderate,True,True,both_correct
2022-0052-MWI,2022,Moderate,Low,Low,False,False,both_wrong
2022-0053-UGA,2022,Low,Low,Low,True,True,both_correct
2022-0057-HTI,2022,Low,Extreme,Extreme,False,False,both_wrong
2022-0061-MDG,2022,Moderate,Low,Low,False,False,both_wrong
2022-0259-IRQ,2022,Low,Low,Low,True,True,both_correct
2022-0089-BRA,2022,High,Low,Low,False,False,both_wrong
2022-0096-PSE,2022,Low,Low,Low,True,True,both_correct
2022-0099-MDG,2022,Moderate,Low,Low,False,False,both_wrong
2022-0099-MOZ,2022,Moderate,Low,High,False,False,both_wrong
2022-0102-BOL,2022,Moderate,Low,Low,False,False,both_wrong
2022-0109-COL,2022,Low,Low,Low,True,True,both_correct
2022-0137-MWI,2022,Low,Low,Low,True,True,both_correct
2022-0160-TZA,2022,Moderate,Moderate,Moderate,True,True,both_correct
2022-0164-COD,2022,Moderate,Moderate,Moderate,True,True,both_correct
2022-0178-ECU,2022,Low,Low,Low,True,True,both_correct
2022-0183-AUS,2022,Low,Low,Low,True,True,both_correct
2022-0200-COL,2022,Moderate,Low,Low,False,False,both_wrong
2022-0204-PHL,2022,High,Low,Low,False,False,both_wrong
2022-0224-POL,2022,Moderate,Moderate,Low,False,True,lightgbm_only_correct
2022-0233-COL,2022,Moderate,Low,Low,False,False,both_wrong
2022-0234-RUS,2022,Moderate,Moderate,Moderate,True,True,both_correct
2022-0242-IND,2022,Moderate,Moderate,Moderate,True,True,both_correct
2022-0248-IND,2022,Moderate,High,High,False,False,both_wrong
2022-0258-TZA,2022,Moderate,Low,Low,False,False,both_wrong
2022-0262-ECU,2022,Moderate,Low,Low,False,False,both_wrong
2022-0264-AFG,2022,Moderate,High,High,False,False,both_wrong
2022-0270-UKR,2022,Moderate,Moderate,Moderate,True,True,both_correct
2022-0273-CUB,2022,Moderate,Moderate,Moderate,True,True,both_correct
2022-0284-USA,2022,Low,Low,Low,True,True,both_correct
2022-0288-PRI,2022,Moderate,Moderate,Moderate,True,True,both_correct
2022-0309-IRN,2022,Moderate,Moderate,Moderate,True,True,both_correct
2022-0316-CHN,2022,Moderate,High,High,False,False,both_wrong
2022-0318-BRA,2022,High,Low,Low,False,False,both_wrong
2022-0320-VNM,2022,Moderate,Low,Low,False,False,both_wrong
2022-0325-CAN,2022,Moderate,Low,Low,False,False,both_wrong
2022-0336-LKA,2022,Low,Low,Low,True,True,both_correct
2022-0338-CMR,2022,Low,Low,Low,True,True,both_correct
2022-0340-BGD,2022,High,High,High,True,True,both_correct
2022-0342-PAK,2022,Moderate,Low,Low,False,False,both_wrong
2022-0367-CUB,2022,Low,Low,Low,True,True,both_correct
2022-0409-BRA,2022,Moderate,Low,Low,False,False,both_wrong
2022-0417-PRT,2022,Low,Low,Low,True,True,both_correct
2022-0432-EGY,2022,Moderate,Moderate,Moderate,True,True,both_correct
2022-0448-PHL,2022,Moderate,Low,Low,False,False,both_wrong
2022-0453-AFG,2022,Moderate,High,High,False,False,both_wrong
2022-0461-NGA,2022,Moderate,High,High,False,False,both_wrong
2022-0462-BHS,2022,Moderate,Moderate,Moderate,True,True,both_correct
2022-0465-ALB,2022,High,Low,Extreme,False,False,both_wrong
2022-0465-AUT,2022,High,Low,Extreme,False,False,both_wrong
2022-0465-DNK,2022,High,High,High,True,True,both_correct
2022-0465-LTU,2022,High,Low,Extreme,False,False,both_wrong
2022-0465-NOR,2022,Moderate,High,High,False,False,both_wrong
2022-0465-ROU,2022,Extreme,Low,Extreme,True,False,rf_only_correct
2022-0465-SRB,2022,High,Low,Extreme,False,False,both_wrong
2022-0486-USA,2022,Low,Low,Low,True,True,both_correct
2022-0488-NPL,2022,Moderate,High,High,False,False,both_wrong
2022-0508-THA,2022,Moderate,Moderate,Moderate,True,True,both_correct
2022-0509-TCD,2022,Moderate,Low,Low,False,False,both_wrong
2022-0514-AFG,2022,High,High,High,True,True,both_correct
2022-0515-VNM,2022,Moderate,Low,Low,False,False,both_wrong
2022-0523-AFG,2022,Moderate,High,High,False,False,both_wrong
2022-0533-CMR,2022,Low,Moderate,High,False,False,both_wrong
2022-0535-PAK,2022,Moderate,Moderate,Moderate,True,True,both_correct
2022-0536-VEN,2022,Moderate,Moderate,Moderate,True,True,both_correct
2022-0539-IND,2022,Moderate,Extreme,Extreme,False,False,both_wrong
2022-0546-MRT,2022,Moderate,Low,Low,False,False,both_wrong
2022-0560-SLE,2022,Moderate,Low,Low,False,False,both_wrong
2022-0577-KOR,2022,Moderate,Low,Low,False,False,both_wrong
2022-0582-UGA,2022,Moderate,Moderate,High,False,True,lightgbm_only_correct
2022-0592-PNG,2022,Low,Low,Low,True,True,both_correct
2022-0594-SYR,2022,Moderate,Moderate,High,False,True,lightgbm_only_correct
2022-0600-NGA,2022,Moderate,Moderate,Moderate,True,True,both_correct
2022-0603-CAN,2022,Low,Low,Low,True,True,both_correct
2022-0603-DOM,2022,Low,Low,Low,True,True,both_correct
2022-0603-GLP,2022,Low,Low,Low,True,True,both_correct
2022-0613-VNM,2022,Low,Low,Low,True,True,both_correct
2022-0614-USA,2022,High,Low,Low,False,False,both_wrong
2022-0615-VEN,2022,Moderate,Low,Low,False,False,both_wrong
2022-0617-VNM,2022,Moderate,Moderate,Moderate,True,True,both_correct
2022-0641-NGA,2022,High,High,Extreme,False,True,lightgbm_only_correct
2022-0647-GTM,2022,Low,Low,Low,True,True,both_correct
2022-0655-HND,2022,Low,Low,Low,True,True,both_correct
2022-0805-COD,2022,High,High,High,True,True,both_correct
2022-0667-VNM,2022,Low,Low,Low,True,True,both_correct
2022-0671-TUR,2022,Moderate,Moderate,Moderate,True,True,both_correct
2022-0695-BGD,2022,Moderate,Low,Low,False,False,both_wrong
2022-0699-COL,2022,Moderate,Low,Low,False,False,both_wrong
2022-0700-IDN,2022,Moderate,Moderate,Moderate,True,True,both_correct
2022-0709-IND,2022,High,Moderate,Moderate,False,False,both_wrong
2022-0815-BRA,2022,Low,Low,Low,True,True,both_correct
2022-0830-COD,2022,Moderate,High,Moderate,True,False,rf_only_correct
2022-0836-COD,2022,Moderate,Moderate,Moderate,True,True,both_correct
2022-0751-PSE,2022,Moderate,Moderate,Moderate,True,True,both_correct
2022-0752-PAK,2022,Moderate,Moderate,Moderate,True,True,both_correct
2022-0753-IRQ,2022,Moderate,Moderate,Moderate,True,True,both_correct
2022-0793-BRA,2022,Moderate,Low,Low,False,False,both_wrong
2022-0803-IDN,2022,Moderate,Moderate,Moderate,True,True,both_correct
2022-0804-FRA,2022,Moderate,Moderate,Moderate,True,True,both_correct
2022-9436-UGA,2022,Extreme,Low,High,False,False,both_wrong
2023-0003-NGA,2023,Moderate,Moderate,Moderate,True,True,both_correct
2023-0015-CHN,2023,Moderate,Moderate,Moderate,True,True,both_correct
2023-0047-IRN,2023,Low,Low,Low,True,True,both_correct
2023-0050-CHL,2023,Moderate,Low,Low,False,False,both_wrong
2023-0061-PAK,2023,Moderate,Moderate,Moderate,True,True,both_correct
2023-0066-PER,2023,Moderate,Moderate,Moderate,True,True,both_correct
2023-0068-ZMB,2023,Low,High,High,False,False,both_wrong
2023-0073-IDN,2023,Low,Low,Low,True,True,both_correct
2023-0075-AUT,2023,Low,Low,Low,True,True,both_correct
2023-0080-ZAF,2023,Moderate,Low,Low,False,False,both_wrong
2023-0084-PAN,2023,Moderate,Moderate,Moderate,True,True,both_correct
2023-0092-BRA,2023,Moderate,Low,Low,False,False,both_wrong
2023-0188-PHL,2023,Moderate,Moderate,Moderate,True,True,both_correct
2023-0095-MDG,2023,Moderate,Low,Low,False,False,both_wrong
2023-0133-IDN,2023,Moderate,Moderate,Moderate,True,True,both_correct
2023-0145-COL,2023,Moderate,Moderate,Moderate,True,True,both_correct
2023-0154-BGD,2023,Moderate,Moderate,Moderate,True,True,both_correct
2023-0155-ECU,2023,Moderate,Low,Low,False,False,both_wrong
2023-0155-PER,2023,Low,Low,Low,True,True,both_correct
2023-0159-PAK,2023,Moderate,Moderate,High,False,True,lightgbm_only_correct
2023-0172-SOM,2023,Moderate,Low,Low,False,False,both_wrong
2023-0175-BOL,2023,Low,Low,Low,True,True,both_correct
2023-0192-USA,2023,Moderate,Low,Low,False,False,both_wrong
2023-0203-BRA,2023,Low,Low,Low,True,True,both_correct
2023-0204-BRA,2023,Low,Low,Low,True,True,both_correct
2023-0208-PAK,2023,Moderate,Moderate,High,False,True,lightgbm_only_correct
2023-0217-TUN,2023,Moderate,Moderate,Moderate,True,True,both_correct
2023-0226-TZA,2023,Moderate,Low,Low,False,False,both_wrong
2023-0328-PAK,2023,Moderate,High,High,False,False,both_wrong
2023-0457-NER,2023,Moderate,Moderate,Low,False,True,lightgbm_only_correct
2023-0247-AGO,2023,Moderate,Low,Low,False,False,both_wrong
2023-0248-MMR,2023,Low,Low,Low,True,True,both_correct
2023-0254-BGD,2023,Moderate,Moderate,Low,False,True,lightgbm_only_correct
2023-0262-UGA,2023,Moderate,Low,Low,False,False,both_wrong
2023-0274-CHN,2023,Moderate,Moderate,Moderate,True,True,both_correct
2023-0283-IND,2023,Moderate,Moderate,Moderate,True,True,both_correct
2023-0288-USA,2023,Low,Low,Low,True,True,both_correct
2023-0300-JPN,2023,Low,Low,Low,True,True,both_correct
2023-0300-TWN,2023,Low,Low,Low,True,True,both_correct
2023-0305-CMR,2023,Moderate,Moderate,Moderate,True,True,both_correct
2023-0331-IND,2023,Low,Low,Low,True,True,both_correct
2023-0332-USA,2023,Low,Low,Low,True,True,both_correct
2023-0334-KAZ,2023,Moderate,Low,Low,False,False,both_wrong
2023-0352-ZAF,2023,Low,Low,Low,True,True,both_correct
2023-0362-CHL,2023,Low,Low,Low,True,True,both_correct
2023-0389-DOM,2023,Low,Low,Low,True,True,both_correct
2023-0401-CHN,2023,Moderate,Moderate,Moderate,True,True,both_correct
2023-0404-NGA,2023,High,High,Moderate,False,True,lightgbm_only_correct
2023-0440-KOR,2023,Moderate,Low,Low,False,False,both_wrong
2023-0444-GRC,2023,Low,Low,Low,True,True,both_correct
2023-0625-ITA,2023,Moderate,Moderate,Moderate,True,True,both_correct
2023-0417-CHN,2023,Moderate,High,High,False,False,both_wrong
2023-0426-USA,2023,Moderate,Low,Low,False,False,both_wrong
2023-0430-ZAF,2023,Moderate,Moderate,Moderate,True,True,both_correct
2023-0438-AUT,2023,High,Low,Extreme,False,False,both_wrong
2023-0438-CYP,2023,High,Low,Extreme,False,False,both_wrong
2023-0438-CZE,2023,High,High,Extreme,False,True,lightgbm_only_correct
2023-0438-DEU,2023,Extreme,Extreme,High,False,True,lightgbm_only_correct
2023-0438-ESP,2023,Extreme,Low,Extreme,True,False,rf_only_correct
2023-0438-FIN,2023,High,High,High,True,True,both_correct
2023-0438-GRC,2023,Extreme,High,Extreme,True,False,rf_only_correct
2023-0438-ITA,2023,Extreme,Low,Extreme,True,False,rf_only_correct
2023-0438-LTU,2023,High,Low,Extreme,False,False,both_wrong
2023-0438-MLT,2023,Moderate,Low,Extreme,False,False,both_wrong
2023-0438-NOR,2023,Moderate,High,High,False,False,both_wrong
2023-0438-ROU,2023,Extreme,Low,Extreme,True,False,rf_only_correct
2023-0438-SVK,2023,High,High,Extreme,False,True,lightgbm_only_correct
2023-0438-SVN,2023,Moderate,High,High,False,False,both_wrong
2023-0438-SWE,2023,Moderate,High,High,False,False,both_wrong
2023-0628-NGA,2023,Moderate,Moderate,Moderate,True,True,both_correct
2023-0464-CHN,2023,Moderate,Low,Low,False,False,both_wrong
2023-0466-ITA,2023,Low,Low,Low,True,True,both_correct
2023-0466-ROU,2023,Low,Low,Low,True,True,both_correct
2023-0466-SRB,2023,Low,Low,Low,True,True,both_correct
2023-0470-SEN,2023,Moderate,High,Moderate,True,False,rf_only_correct
2023-0472-RWA,2023,Moderate,Moderate,Moderate,True,True,both_correct
2023-0484-PHL,2023,Moderate,Moderate,Moderate,True,True,both_correct
2023-0510-MNG,2023,Low,Low,Low,True,True,both_correct
2023-0512-BGD,2023,Low,Moderate,High,False,False,both_wrong
2023-0534-USA,2023,Low,Low,Low,True,True,both_correct
2023-0562-IRN,2023,Moderate,Moderate,Moderate,True,True,both_correct
2023-0563-MDG,2023,Moderate,Moderate,High,False,True,lightgbm_only_correct
2023-0580-DZA,2023,Low,Low,Low,True,True,both_correct
2023-0582-BGR,2023,Low,Low,Low,True,True,both_correct
2023-0582-GRC,2023,Moderate,Low,Low,False,False,both_wrong
2023-0583-IRQ,2023,Moderate,Moderate,Moderate,True,True,both_correct
2023-0584-ZAF,2023,Moderate,Low,Moderate,True,False,rf_only_correct
2023-0588-IND,2023,Moderate,Moderate,Moderate,True,True,both_correct
2023-0594-PAK,2023,Moderate,Moderate,Moderate,True,True,both_correct
2023-0603-BRA,2023,Moderate,Low,Low,False,False,both_wrong
2023-0732-HND,2023,Low,Low,Low,True,True,both_correct
2023-0747-BRA,2023,Low,Low,Low,True,True,both_correct
2023-0754-VNM,2023,Low,Low,Low,True,True,both_correct
2023-0757-YEM,2023,Moderate,Moderate,Moderate,True,True,both_correct
2023-0760-BOL,2023,Moderate,Low,Low,False,False,both_wrong
2023-0773-PER,2023,Moderate,Moderate,Moderate,True,True,both_correct
2023-0774-MEX,2023,Moderate,Moderate,Moderate,True,True,both_correct
2023-0783-BOL,2023,Moderate,Low,Low,False,False,both_wrong
2023-0797-TZA,2023,Moderate,Moderate,High,False,True,lightgbm_only_correct
2023-0799-THA,2023,Moderate,Moderate,Moderate,True,True,both_correct
2023-0802-PHL,2023,Low,Low,Low,True,True,both_correct
2023-0804-BGR,2023,Low,Low,Low,True,True,both_correct
2023-0804-DEU,2023,Low,Low,Low,True,True,both_correct
2023-0804-RUS,2023,Low,Low,Low,True,True,both_correct
2023-0804-UKR,2023,Moderate,Low,Low,False,False,both_wrong
2023-0827-COD,2023,Moderate,Moderate,High,False,True,lightgbm_only_correct
2023-0831-ARG,2023,Moderate,Low,Low,False,False,both_wrong
2023-0831-URY,2023,Low,Low,Low,True,True,both_correct
2023-0838-CHN,2023,High,Low,Low,False,False,both_wrong
2023-0844-AGO,2023,Moderate,Low,Low,False,False,both_wrong
2023-0854-THA,2023,Low,Low,Low,True,True,both_correct
2023-0857-COD,2023,Moderate,High,High,False,False,both_wrong
2023-0858-COD,2023,Moderate,Moderate,High,False,True,lightgbm_only_correct
2023-0867-ZMB,2023,High,Low,High,True,False,rf_only_correct
2023-0879-MYS,2023,High,Low,High,True,False,rf_only_correct
2023-9706-BOL,2023,Moderate,Moderate,Moderate,True,True,both_correct
