group,variable,statistic,level,value
all,year,valid_n,,948.0
all,year,median,,2023.0
all,year,iqr,,1.0
all,historical_frequency,valid_n,,948.0
all,historical_frequency,median,,141.0
all,historical_frequency,iqr,,218.0
all,hdi,valid_n,,938.0
all,hdi,median,,0.7525
all,hdi,iqr,,0.23075
all,magnitude_robust_z,valid_n,,137.0
all,magnitude_robust_z,median,,-0.1666666666666668
all,magnitude_robust_z,iqr,,0.9583333333333328
all,max_probability,valid_n,,948.0
all,max_probability,median,,0.7017752618035875
all,max_probability,iqr,,0.2100714891433082
all,probability_Low,valid_n,,948.0
all,probability_Low,median,,0.29901727668316164
all,probability_Low,iqr,,0.6184302465750943
all,probability_Moderate,valid_n,,948.0
all,probability_Moderate,median,,0.2383710862792049
all,probability_Moderate,iqr,,0.4745685991887122
all,probability_Severe,valid_n,,948.0
all,probability_Severe,median,,0.16144323533820665
all,probability_Severe,iqr,,0.24276043853002172
all,disaster_type,count,Flood,242.0
all,disaster_type,proportion,Flood,0.2552742616033755
all,disaster_type,count,Storm,188.0
all,disaster_type,proportion,Storm,0.19831223628691982
all,disaster_type,count,Road,103.0
all,disaster_type,proportion,Road,0.10864978902953587
all,disaster_type,count,Extreme temperature,79.0
all,disaster_type,proportion,Extreme temperature,0.08333333333333333
all,disaster_type,count,Water,75.0
all,disaster_type,proportion,Water,0.07911392405063292
all,disaster_type,count,Earthquake,43.0
all,disaster_type,proportion,Earthquake,0.04535864978902954
all,disaster_type,count,Mass movement (wet),39.0
all,disaster_type,proportion,Mass movement (wet),0.04113924050632911
all,disaster_type,count,Fire (Miscellaneous),33.0
all,disaster_type,proportion,Fire (Miscellaneous),0.03481012658227848
all,disaster_type,count,Epidemic,31.0
all,disaster_type,proportion,Epidemic,0.03270042194092827
all,disaster_type,count,Wildfire,19.0
all,disaster_type,proportion,Wildfire,0.020042194092827006
all,disaster_type,count,Miscellaneous accident (General),18.0
all,disaster_type,proportion,Miscellaneous accident (General),0.0189873417721519
all,disaster_type,count,Explosion (Industrial),17.0
all,disaster_type,proportion,Explosion (Industrial),0.017932489451476793
all,disaster_type,count,Collapse (Industrial),11.0
all,disaster_type,proportion,Collapse (Industrial),0.011603375527426161
all,disaster_type,count,Air,11.0
all,disaster_type,proportion,Air,0.011603375527426161
all,disaster_type,count,Collapse (Miscellaneous),8.0
all,disaster_type,proportion,Collapse (Miscellaneous),0.008438818565400843
all,disaster_type,count,Explosion (Miscellaneous),7.0
all,disaster_type,proportion,Explosion (Miscellaneous),0.007383966244725738
all,disaster_type,count,Fire (Industrial),5.0
all,disaster_type,proportion,Fire (Industrial),0.005274261603375527
all,disaster_type,count,Industrial accident (General),4.0
all,disaster_type,proportion,Industrial accident (General),0.004219409282700422
all,disaster_type,count,Drought,4.0
all,disaster_type,proportion,Drought,0.004219409282700422
all,disaster_type,count,Rail,4.0
all,disaster_type,proportion,Rail,0.004219409282700422
all,disaster_type,count,Volcanic activity,3.0
all,disaster_type,proportion,Volcanic activity,0.0031645569620253164
all,disaster_type,count,Glacial lake outburst flood,2.0
all,disaster_type,proportion,Glacial lake outburst flood,0.002109704641350211
all,disaster_type,count,Gas leak,2.0
all,disaster_type,proportion,Gas leak,0.002109704641350211
all,region,count,Sub-Saharan Africa,199.0
all,region,proportion,Sub-Saharan Africa,0.20991561181434598
all,region,count,Latin America and the Caribbean,153.0
all,region,proportion,Latin America and the Caribbean,0.16139240506329114
all,region,count,Southern Asia,120.0
all,region,proportion,Southern Asia,0.12658227848101267
all,region,count,South-eastern Asia,106.0
all,region,proportion,South-eastern Asia,0.11181434599156118
all,region,count,Eastern Asia,63.0
all,region,proportion,Eastern Asia,0.06645569620253164
all,region,count,Northern America,55.0
all,region,proportion,Northern America,0.0580168776371308
all,region,count,Southern Europe,54.0
all,region,proportion,Southern Europe,0.056962025316455694
all,region,count,Western Asia,43.0
all,region,proportion,Western Asia,0.04535864978902954
all,region,count,Northern Africa,39.0
all,region,proportion,Northern Africa,0.04113924050632911
all,region,count,Eastern Europe,39.0
all,region,proportion,Eastern Europe,0.04113924050632911
all,region,count,Western Europe,35.0
all,region,proportion,Western Europe,0.03691983122362869
all,region,count,Northern Europe,23.0
all,region,proportion,Northern Europe,0.024261603375527425
all,region,count,Australia and New Zealand,10.0
all,region,proportion,Australia and New Zealand,0.010548523206751054
all,region,count,Central Asia,4.0
all,region,proportion,Central Asia,0.004219409282700422
all,region,count,Melanesia,3.0
all,region,proportion,Melanesia,0.0031645569620253164
all,region,count,Polynesia,1.0
all,region,proportion,Polynesia,0.0010548523206751054
all,region,count,Micronesia,1.0
all,region,proportion,Micronesia,0.0010548523206751054
all,date_granularity,count,day,877.0
all,date_granularity,proportion,day,0.9251054852320675
all,date_granularity,count,month,68.0
all,date_granularity,proportion,month,0.07172995780590717
all,date_granularity,count,year,3.0
all,date_granularity,proportion,year,0.0031645569620253164
all,date_imputed,count,0,877.0
all,date_imputed,proportion,0,0.9251054852320675
all,date_imputed,count,1,71.0
all,date_imputed,proportion,1,0.07489451476793249
all,hdi_missing,count,0,938.0
all,hdi_missing,proportion,0,0.989451476793249
all,hdi_missing,count,1,10.0
all,hdi_missing,proportion,1,0.010548523206751054
all,magnitude_missing,count,1,810.0
all,magnitude_missing,proportion,1,0.8544303797468354
all,magnitude_missing,count,0,138.0
all,magnitude_missing,proportion,0,0.14556962025316456
all,magnitude_group_unknown,count,0,571.0
all,magnitude_group_unknown,proportion,0,0.6023206751054853
all,magnitude_group_unknown,count,1,377.0
all,magnitude_group_unknown,proportion,1,0.39767932489451474
all,month_missing,count,0,945.0
all,month_missing,proportion,0,0.9968354430379747
all,month_missing,count,1,3.0
all,month_missing,proportion,1,0.0031645569620253164
correct,year,valid_n,,678.0
correct,year,median,,2023.0
correct,year,iqr,,1.0
correct,historical_frequency,valid_n,,678.0
correct,historical_frequency,median,,136.5
correct,historical_frequency,iqr,,213.75
correct,hdi,valid_n,,670.0
correct,hdi,median,,0.772
correct,hdi,iqr,,0.1835
correct,magnitude_robust_z,valid_n,,83.0
correct,magnitude_robust_z,median,,-0.1666666666666668
correct,magnitude_robust_z,iqr,,0.830225988700565
correct,max_probability,valid_n,,678.0
correct,max_probability,median,,0.7190663651908369
correct,max_probability,iqr,,0.20751302339424527
correct,probability_Low,valid_n,,678.0
correct,probability_Low,median,,0.18020325802804096
correct,probability_Low,iqr,,0.6654887564322207
correct,probability_Moderate,valid_n,,678.0
correct,probability_Moderate,median,,0.29181296301448406
correct,probability_Moderate,iqr,,0.5342181997984446
correct,probability_Severe,valid_n,,678.0
correct,probability_Severe,median,,0.14318948021794176
correct,probability_Severe,iqr,,0.23768755533374125
correct,disaster_type,count,Storm,135.0
correct,disaster_type,proportion,Storm,0.19911504424778761
correct,disaster_type,count,Flood,120.0
correct,disaster_type,proportion,Flood,0.17699115044247787
correct,disaster_type,count,Road,103.0
correct,disaster_type,proportion,Road,0.15191740412979352
correct,disaster_type,count,Water,72.0
correct,disaster_type,proportion,Water,0.10619469026548672
correct,disaster_type,count,Extreme temperature,57.0
correct,disaster_type,proportion,Extreme temperature,0.084070796460177
correct,disaster_type,count,Fire (Miscellaneous),31.0
correct,disaster_type,proportion,Fire (Miscellaneous),0.045722713864306784
correct,disaster_type,count,Mass movement (wet),30.0
correct,disaster_type,proportion,Mass movement (wet),0.04424778761061947
correct,disaster_type,count,Earthquake,25.0
correct,disaster_type,proportion,Earthquake,0.03687315634218289
correct,disaster_type,count,Miscellaneous accident (General),16.0
correct,disaster_type,proportion,Miscellaneous accident (General),0.02359882005899705
correct,disaster_type,count,Explosion (Industrial),16.0
correct,disaster_type,proportion,Explosion (Industrial),0.02359882005899705
correct,disaster_type,count,Epidemic,14.0
correct,disaster_type,proportion,Epidemic,0.02064896755162242
correct,disaster_type,count,Collapse (Industrial),11.0
correct,disaster_type,proportion,Collapse (Industrial),0.016224188790560472
correct,disaster_type,count,Air,10.0
correct,disaster_type,proportion,Air,0.014749262536873156
correct,disaster_type,count,Wildfire,9.0
correct,disaster_type,proportion,Wildfire,0.01327433628318584
correct,disaster_type,count,Explosion (Miscellaneous),7.0
correct,disaster_type,proportion,Explosion (Miscellaneous),0.01032448377581121
correct,disaster_type,count,Collapse (Miscellaneous),6.0
correct,disaster_type,proportion,Collapse (Miscellaneous),0.008849557522123894
correct,disaster_type,count,Fire (Industrial),5.0
correct,disaster_type,proportion,Fire (Industrial),0.007374631268436578
correct,disaster_type,count,Rail,3.0
correct,disaster_type,proportion,Rail,0.004424778761061947
correct,disaster_type,count,Industrial accident (General),3.0
correct,disaster_type,proportion,Industrial accident (General),0.004424778761061947
correct,disaster_type,count,Gas leak,2.0
correct,disaster_type,proportion,Gas leak,0.0029498525073746312
correct,disaster_type,count,Volcanic activity,1.0
correct,disaster_type,proportion,Volcanic activity,0.0014749262536873156
correct,disaster_type,count,Glacial lake outburst flood,1.0
correct,disaster_type,proportion,Glacial lake outburst flood,0.0014749262536873156
correct,disaster_type,count,Drought,1.0
correct,disaster_type,proportion,Drought,0.0014749262536873156
correct,region,count,Sub-Saharan Africa,121.0
correct,region,proportion,Sub-Saharan Africa,0.17846607669616518
correct,region,count,Latin America and the Caribbean,111.0
correct,region,proportion,Latin America and the Caribbean,0.16371681415929204
correct,region,count,South-eastern Asia,79.0
correct,region,proportion,South-eastern Asia,0.11651917404129794
correct,region,count,Southern Asia,79.0
correct,region,proportion,Southern Asia,0.11651917404129794
correct,region,count,Eastern Asia,46.0
correct,region,proportion,Eastern Asia,0.06784660766961652
correct,region,count,Southern Europe,43.0
correct,region,proportion,Southern Europe,0.06342182890855458
correct,region,count,Northern America,39.0
correct,region,proportion,Northern America,0.05752212389380531
correct,region,count,Eastern Europe,35.0
correct,region,proportion,Eastern Europe,0.051622418879056046
correct,region,count,Northern Africa,34.0
correct,region,proportion,Northern Africa,0.05014749262536873
correct,region,count,Western Asia,33.0
correct,region,proportion,Western Asia,0.048672566371681415
correct,region,count,Western Europe,30.0
correct,region,proportion,Western Europe,0.04424778761061947
correct,region,count,Northern Europe,16.0
correct,region,proportion,Northern Europe,0.02359882005899705
correct,region,count,Australia and New Zealand,7.0
correct,region,proportion,Australia and New Zealand,0.01032448377581121
correct,region,count,Melanesia,3.0
correct,region,proportion,Melanesia,0.004424778761061947
correct,region,count,Micronesia,1.0
correct,region,proportion,Micronesia,0.0014749262536873156
correct,region,count,Central Asia,1.0
correct,region,proportion,Central Asia,0.0014749262536873156
correct,date_granularity,count,day,638.0
correct,date_granularity,proportion,day,0.9410029498525073
correct,date_granularity,count,month,38.0
correct,date_granularity,proportion,month,0.05604719764011799
correct,date_granularity,count,year,2.0
correct,date_granularity,proportion,year,0.0029498525073746312
correct,date_imputed,count,0,638.0
correct,date_imputed,proportion,0,0.9410029498525073
correct,date_imputed,count,1,40.0
correct,date_imputed,proportion,1,0.058997050147492625
correct,hdi_missing,count,0,670.0
correct,hdi_missing,proportion,0,0.9882005899705014
correct,hdi_missing,count,1,8.0
correct,hdi_missing,proportion,1,0.011799410029498525
correct,magnitude_missing,count,1,595.0
correct,magnitude_missing,proportion,1,0.8775811209439528
correct,magnitude_missing,count,0,83.0
correct,magnitude_missing,proportion,0,0.1224188790560472
correct,magnitude_group_unknown,count,0,346.0
correct,magnitude_group_unknown,proportion,0,0.5103244837758112
correct,magnitude_group_unknown,count,1,332.0
correct,magnitude_group_unknown,proportion,1,0.4896755162241888
correct,month_missing,count,0,676.0
correct,month_missing,proportion,0,0.9970501474926253
correct,month_missing,count,1,2.0
correct,month_missing,proportion,1,0.0029498525073746312
incorrect,year,valid_n,,270.0
incorrect,year,median,,2023.0
incorrect,year,iqr,,1.0
incorrect,historical_frequency,valid_n,,270.0
incorrect,historical_frequency,median,,162.0
incorrect,historical_frequency,iqr,,219.5
incorrect,hdi,valid_n,,268.0
incorrect,hdi,median,,0.714
incorrect,hdi,iqr,,0.242
incorrect,magnitude_robust_z,valid_n,,54.0
incorrect,magnitude_robust_z,median,,-0.1875
incorrect,magnitude_robust_z,iqr,,1.0989583333333333
incorrect,max_probability,valid_n,,270.0
incorrect,max_probability,median,,0.6380420616554636
incorrect,max_probability,iqr,,0.20354676672589478
incorrect,probability_Low,valid_n,,270.0
incorrect,probability_Low,median,,0.5335843708728863
incorrect,probability_Low,iqr,,0.48129529270545823
incorrect,probability_Moderate,valid_n,,270.0
incorrect,probability_Moderate,median,,0.22095507363228006
incorrect,probability_Moderate,iqr,,0.12171124886811763
incorrect,probability_Severe,valid_n,,270.0
incorrect,probability_Severe,median,,0.19758084521958963
incorrect,probability_Severe,iqr,,0.25556067733155363
incorrect,disaster_type,count,Flood,122.0
incorrect,disaster_type,proportion,Flood,0.45185185185185184
incorrect,disaster_type,count,Storm,53.0
incorrect,disaster_type,proportion,Storm,0.1962962962962963
incorrect,disaster_type,count,Extreme temperature,22.0
incorrect,disaster_type,proportion,Extreme temperature,0.08148148148148149
incorrect,disaster_type,count,Earthquake,18.0
incorrect,disaster_type,proportion,Earthquake,0.06666666666666667
incorrect,disaster_type,count,Epidemic,17.0
incorrect,disaster_type,proportion,Epidemic,0.06296296296296296
incorrect,disaster_type,count,Wildfire,10.0
incorrect,disaster_type,proportion,Wildfire,0.037037037037037035
incorrect,disaster_type,count,Mass movement (wet),9.0
incorrect,disaster_type,proportion,Mass movement (wet),0.03333333333333333
incorrect,disaster_type,count,Drought,3.0
incorrect,disaster_type,proportion,Drought,0.011111111111111112
incorrect,disaster_type,count,Water,3.0
incorrect,disaster_type,proportion,Water,0.011111111111111112
incorrect,disaster_type,count,Collapse (Miscellaneous),2.0
incorrect,disaster_type,proportion,Collapse (Miscellaneous),0.007407407407407408
incorrect,disaster_type,count,Volcanic activity,2.0
incorrect,disaster_type,proportion,Volcanic activity,0.007407407407407408
incorrect,disaster_type,count,Miscellaneous accident (General),2.0
incorrect,disaster_type,proportion,Miscellaneous accident (General),0.007407407407407408
incorrect,disaster_type,count,Fire (Miscellaneous),2.0
incorrect,disaster_type,proportion,Fire (Miscellaneous),0.007407407407407408
incorrect,disaster_type,count,Industrial accident (General),1.0
incorrect,disaster_type,proportion,Industrial accident (General),0.003703703703703704
incorrect,disaster_type,count,Rail,1.0
incorrect,disaster_type,proportion,Rail,0.003703703703703704
incorrect,disaster_type,count,Explosion (Industrial),1.0
incorrect,disaster_type,proportion,Explosion (Industrial),0.003703703703703704
incorrect,disaster_type,count,Glacial lake outburst flood,1.0
incorrect,disaster_type,proportion,Glacial lake outburst flood,0.003703703703703704
incorrect,disaster_type,count,Air,1.0
incorrect,disaster_type,proportion,Air,0.003703703703703704
incorrect,region,count,Sub-Saharan Africa,78.0
incorrect,region,proportion,Sub-Saharan Africa,0.28888888888888886
incorrect,region,count,Latin America and the Caribbean,42.0
incorrect,region,proportion,Latin America and the Caribbean,0.15555555555555556
incorrect,region,count,Southern Asia,41.0
incorrect,region,proportion,Southern Asia,0.15185185185185185
incorrect,region,count,South-eastern Asia,27.0
incorrect,region,proportion,South-eastern Asia,0.1
incorrect,region,count,Eastern Asia,17.0
incorrect,region,proportion,Eastern Asia,0.06296296296296296
incorrect,region,count,Northern America,16.0
incorrect,region,proportion,Northern America,0.05925925925925926
incorrect,region,count,Southern Europe,11.0
incorrect,region,proportion,Southern Europe,0.040740740740740744
incorrect,region,count,Western Asia,10.0
incorrect,region,proportion,Western Asia,0.037037037037037035
incorrect,region,count,Northern Europe,7.0
incorrect,region,proportion,Northern Europe,0.025925925925925925
incorrect,region,count,Northern Africa,5.0
incorrect,region,proportion,Northern Africa,0.018518518518518517
incorrect,region,count,Western Europe,5.0
incorrect,region,proportion,Western Europe,0.018518518518518517
incorrect,region,count,Eastern Europe,4.0
incorrect,region,proportion,Eastern Europe,0.014814814814814815
incorrect,region,count,Central Asia,3.0
incorrect,region,proportion,Central Asia,0.011111111111111112
incorrect,region,count,Australia and New Zealand,3.0
incorrect,region,proportion,Australia and New Zealand,0.011111111111111112
incorrect,region,count,Polynesia,1.0
incorrect,region,proportion,Polynesia,0.003703703703703704
incorrect,date_granularity,count,day,239.0
incorrect,date_granularity,proportion,day,0.8851851851851852
incorrect,date_granularity,count,month,30.0
incorrect,date_granularity,proportion,month,0.1111111111111111
incorrect,date_granularity,count,year,1.0
incorrect,date_granularity,proportion,year,0.003703703703703704
incorrect,date_imputed,count,0,239.0
incorrect,date_imputed,proportion,0,0.8851851851851852
incorrect,date_imputed,count,1,31.0
incorrect,date_imputed,proportion,1,0.11481481481481481
incorrect,hdi_missing,count,0,268.0
incorrect,hdi_missing,proportion,0,0.9925925925925926
incorrect,hdi_missing,count,1,2.0
incorrect,hdi_missing,proportion,1,0.007407407407407408
incorrect,magnitude_missing,count,1,215.0
incorrect,magnitude_missing,proportion,1,0.7962962962962963
incorrect,magnitude_missing,count,0,55.0
incorrect,magnitude_missing,proportion,0,0.2037037037037037
incorrect,magnitude_group_unknown,count,0,225.0
incorrect,magnitude_group_unknown,proportion,0,0.8333333333333334
incorrect,magnitude_group_unknown,count,1,45.0
incorrect,magnitude_group_unknown,proportion,1,0.16666666666666666
incorrect,month_missing,count,0,269.0
incorrect,month_missing,proportion,0,0.9962962962962963
incorrect,month_missing,count,1,1.0
incorrect,month_missing,proportion,1,0.003703703703703704
Severe_to_Low,year,valid_n,,31.0
Severe_to_Low,year,median,,2023.0
Severe_to_Low,year,iqr,,1.0
Severe_to_Low,historical_frequency,valid_n,,31.0
Severe_to_Low,historical_frequency,median,,193.0
Severe_to_Low,historical_frequency,iqr,,319.0
Severe_to_Low,hdi,valid_n,,31.0
Severe_to_Low,hdi,median,,0.622
Severe_to_Low,hdi,iqr,,0.21500000000000008
Severe_to_Low,magnitude_robust_z,valid_n,,14.0
Severe_to_Low,magnitude_robust_z,median,,-0.3333333333333333
Severe_to_Low,magnitude_robust_z,iqr,,1.572916666666667
Severe_to_Low,max_probability,valid_n,,31.0
Severe_to_Low,max_probability,median,,0.533353625674177
Severe_to_Low,max_probability,iqr,,0.1978362185495195
Severe_to_Low,probability_Low,valid_n,,31.0
Severe_to_Low,probability_Low,median,,0.533353625674177
Severe_to_Low,probability_Low,iqr,,0.1978362185495195
Severe_to_Low,probability_Moderate,valid_n,,31.0
Severe_to_Low,probability_Moderate,median,,0.21854184837939353
Severe_to_Low,probability_Moderate,iqr,,0.09169870672772096
Severe_to_Low,probability_Severe,valid_n,,31.0
Severe_to_Low,probability_Severe,median,,0.2232165521767522
Severe_to_Low,probability_Severe,iqr,,0.13639650573023687
Severe_to_Low,disaster_type,count,Flood,14.0
Severe_to_Low,disaster_type,proportion,Flood,0.45161290322580644
Severe_to_Low,disaster_type,count,Earthquake,9.0
Severe_to_Low,disaster_type,proportion,Earthquake,0.2903225806451613
Severe_to_Low,disaster_type,count,Storm,7.0
Severe_to_Low,disaster_type,proportion,Storm,0.22580645161290322
Severe_to_Low,disaster_type,count,Wildfire,1.0
Severe_to_Low,disaster_type,proportion,Wildfire,0.03225806451612903
Severe_to_Low,region,count,Sub-Saharan Africa,11.0
Severe_to_Low,region,proportion,Sub-Saharan Africa,0.3548387096774194
Severe_to_Low,region,count,South-eastern Asia,4.0
Severe_to_Low,region,proportion,South-eastern Asia,0.12903225806451613
Severe_to_Low,region,count,Southern Asia,4.0
Severe_to_Low,region,proportion,Southern Asia,0.12903225806451613
Severe_to_Low,region,count,Western Asia,3.0
Severe_to_Low,region,proportion,Western Asia,0.0967741935483871
Severe_to_Low,region,count,Northern Africa,3.0
Severe_to_Low,region,proportion,Northern Africa,0.0967741935483871
Severe_to_Low,region,count,Eastern Asia,2.0
Severe_to_Low,region,proportion,Eastern Asia,0.06451612903225806
Severe_to_Low,region,count,Northern America,2.0
Severe_to_Low,region,proportion,Northern America,0.06451612903225806
Severe_to_Low,region,count,Latin America and the Caribbean,2.0
Severe_to_Low,region,proportion,Latin America and the Caribbean,0.06451612903225806
Severe_to_Low,date_granularity,count,day,29.0
Severe_to_Low,date_granularity,proportion,day,0.9354838709677419
Severe_to_Low,date_granularity,count,month,2.0
Severe_to_Low,date_granularity,proportion,month,0.06451612903225806
Severe_to_Low,date_imputed,count,0,29.0
Severe_to_Low,date_imputed,proportion,0,0.9354838709677419
Severe_to_Low,date_imputed,count,1,2.0
Severe_to_Low,date_imputed,proportion,1,0.06451612903225806
Severe_to_Low,hdi_missing,count,0,31.0
Severe_to_Low,hdi_missing,proportion,0,1.0
Severe_to_Low,magnitude_missing,count,1,17.0
Severe_to_Low,magnitude_missing,proportion,1,0.5483870967741935
Severe_to_Low,magnitude_missing,count,0,14.0
Severe_to_Low,magnitude_missing,proportion,0,0.45161290322580644
Severe_to_Low,magnitude_group_unknown,count,0,31.0
Severe_to_Low,magnitude_group_unknown,proportion,0,1.0
Severe_to_Low,month_missing,count,0,31.0
Severe_to_Low,month_missing,proportion,0,1.0
Moderate_to_Low,year,valid_n,,147.0
Moderate_to_Low,year,median,,2022.0
Moderate_to_Low,year,iqr,,1.0
Moderate_to_Low,historical_frequency,valid_n,,147.0
Moderate_to_Low,historical_frequency,median,,143.0
Moderate_to_Low,historical_frequency,iqr,,162.0
Moderate_to_Low,hdi,valid_n,,145.0
Moderate_to_Low,hdi,median,,0.727
Moderate_to_Low,hdi,iqr,,0.23399999999999999
Moderate_to_Low,magnitude_robust_z,valid_n,,29.0
Moderate_to_Low,magnitude_robust_z,median,,-0.125
Moderate_to_Low,magnitude_robust_z,iqr,,0.9374999999999998
Moderate_to_Low,max_probability,valid_n,,147.0
Moderate_to_Low,max_probability,median,,0.6957800463585214
Moderate_to_Low,max_probability,iqr,,0.21631460140803682
Moderate_to_Low,probability_Low,valid_n,,147.0
Moderate_to_Low,probability_Low,median,,0.6957800463585214
Moderate_to_Low,probability_Low,iqr,,0.21631460140803682
Moderate_to_Low,probability_Moderate,valid_n,,147.0
Moderate_to_Low,probability_Moderate,median,,0.20226932195336939
Moderate_to_Low,probability_Moderate,iqr,,0.07957921318778499
Moderate_to_Low,probability_Severe,valid_n,,147.0
Moderate_to_Low,probability_Severe,median,,0.11439029535774503
Moderate_to_Low,probability_Severe,iqr,,0.13537111205242003
Moderate_to_Low,disaster_type,count,Flood,87.0
Moderate_to_Low,disaster_type,proportion,Flood,0.5918367346938775
Moderate_to_Low,disaster_type,count,Storm,44.0
Moderate_to_Low,disaster_type,proportion,Storm,0.29931972789115646
Moderate_to_Low,disaster_type,count,Wildfire,8.0
Moderate_to_Low,disaster_type,proportion,Wildfire,0.05442176870748299
Moderate_to_Low,disaster_type,count,Earthquake,6.0
Moderate_to_Low,disaster_type,proportion,Earthquake,0.04081632653061224
Moderate_to_Low,disaster_type,count,Extreme temperature,1.0
Moderate_to_Low,disaster_type,proportion,Extreme temperature,0.006802721088435374
Moderate_to_Low,disaster_type,count,Epidemic,1.0
Moderate_to_Low,disaster_type,proportion,Epidemic,0.006802721088435374
Moderate_to_Low,region,count,Sub-Saharan Africa,48.0
Moderate_to_Low,region,proportion,Sub-Saharan Africa,0.32653061224489793
Moderate_to_Low,region,count,Latin America and the Caribbean,36.0
Moderate_to_Low,region,proportion,Latin America and the Caribbean,0.24489795918367346
Moderate_to_Low,region,count,South-eastern Asia,16.0
Moderate_to_Low,region,proportion,South-eastern Asia,0.10884353741496598
Moderate_to_Low,region,count,Northern America,11.0
Moderate_to_Low,region,proportion,Northern America,0.07482993197278912
Moderate_to_Low,region,count,Southern Asia,10.0
Moderate_to_Low,region,proportion,Southern Asia,0.06802721088435375
Moderate_to_Low,region,count,Eastern Asia,6.0
Moderate_to_Low,region,proportion,Eastern Asia,0.04081632653061224
Moderate_to_Low,region,count,Western Asia,5.0
Moderate_to_Low,region,proportion,Western Asia,0.034013605442176874
Moderate_to_Low,region,count,Southern Europe,4.0
Moderate_to_Low,region,proportion,Southern Europe,0.027210884353741496
Moderate_to_Low,region,count,Eastern Europe,4.0
Moderate_to_Low,region,proportion,Eastern Europe,0.027210884353741496
Moderate_to_Low,region,count,Australia and New Zealand,3.0
Moderate_to_Low,region,proportion,Australia and New Zealand,0.02040816326530612
Moderate_to_Low,region,count,Northern Africa,2.0
Moderate_to_Low,region,proportion,Northern Africa,0.013605442176870748
Moderate_to_Low,region,count,Central Asia,2.0
Moderate_to_Low,region,proportion,Central Asia,0.013605442176870748
Moderate_to_Low,date_granularity,count,day,138.0
Moderate_to_Low,date_granularity,proportion,day,0.9387755102040817
Moderate_to_Low,date_granularity,count,month,9.0
Moderate_to_Low,date_granularity,proportion,month,0.061224489795918366
Moderate_to_Low,date_imputed,count,0,138.0
Moderate_to_Low,date_imputed,proportion,0,0.9387755102040817
Moderate_to_Low,date_imputed,count,1,9.0
Moderate_to_Low,date_imputed,proportion,1,0.061224489795918366
Moderate_to_Low,hdi_missing,count,0,145.0
Moderate_to_Low,hdi_missing,proportion,0,0.9863945578231292
Moderate_to_Low,hdi_missing,count,1,2.0
Moderate_to_Low,hdi_missing,proportion,1,0.013605442176870748
Moderate_to_Low,magnitude_missing,count,1,118.0
Moderate_to_Low,magnitude_missing,proportion,1,0.8027210884353742
Moderate_to_Low,magnitude_missing,count,0,29.0
Moderate_to_Low,magnitude_missing,proportion,0,0.19727891156462585
Moderate_to_Low,magnitude_group_unknown,count,0,146.0
Moderate_to_Low,magnitude_group_unknown,proportion,0,0.9931972789115646
Moderate_to_Low,magnitude_group_unknown,count,1,1.0
Moderate_to_Low,magnitude_group_unknown,proportion,1,0.006802721088435374
Moderate_to_Low,month_missing,count,0,147.0
Moderate_to_Low,month_missing,proportion,0,1.0
Low_to_Severe,year,valid_n,,14.0
Low_to_Severe,year,median,,2023.0
Low_to_Severe,year,iqr,,1.0
Low_to_Severe,historical_frequency,valid_n,,14.0
Low_to_Severe,historical_frequency,median,,234.5
Low_to_Severe,historical_frequency,iqr,,181.0
Low_to_Severe,hdi,valid_n,,14.0
Low_to_Severe,hdi,median,,0.544
Low_to_Severe,hdi,iqr,,0.14850000000000008
Low_to_Severe,magnitude_robust_z,valid_n,,2.0
Low_to_Severe,magnitude_robust_z,median,,0.4583333333333327
Low_to_Severe,magnitude_robust_z,iqr,,0.5416666666666665
Low_to_Severe,max_probability,valid_n,,14.0
Low_to_Severe,max_probability,median,,0.5297200074778912
Low_to_Severe,max_probability,iqr,,0.18649085784987213
Low_to_Severe,probability_Low,valid_n,,14.0
Low_to_Severe,probability_Low,median,,0.19643563770063532
Low_to_Severe,probability_Low,iqr,,0.1549888351813035
Low_to_Severe,probability_Moderate,valid_n,,14.0
Low_to_Severe,probability_Moderate,median,,0.2457501834159377
Low_to_Severe,probability_Moderate,iqr,,0.09195786990683805
Low_to_Severe,probability_Severe,valid_n,,14.0
Low_to_Severe,probability_Severe,median,,0.5297200074778912
Low_to_Severe,probability_Severe,iqr,,0.18649085784987213
Low_to_Severe,disaster_type,count,Epidemic,5.0
Low_to_Severe,disaster_type,proportion,Epidemic,0.35714285714285715
Low_to_Severe,disaster_type,count,Flood,3.0
Low_to_Severe,disaster_type,proportion,Flood,0.21428571428571427
Low_to_Severe,disaster_type,count,Earthquake,2.0
Low_to_Severe,disaster_type,proportion,Earthquake,0.14285714285714285
Low_to_Severe,disaster_type,count,Extreme temperature,2.0
Low_to_Severe,disaster_type,proportion,Extreme temperature,0.14285714285714285
Low_to_Severe,disaster_type,count,Storm,1.0
Low_to_Severe,disaster_type,proportion,Storm,0.07142857142857142
Low_to_Severe,disaster_type,count,Wildfire,1.0
Low_to_Severe,disaster_type,proportion,Wildfire,0.07142857142857142
Low_to_Severe,region,count,Southern Asia,6.0
Low_to_Severe,region,proportion,Southern Asia,0.42857142857142855
Low_to_Severe,region,count,Sub-Saharan Africa,5.0
Low_to_Severe,region,proportion,Sub-Saharan Africa,0.35714285714285715
Low_to_Severe,region,count,South-eastern Asia,1.0
Low_to_Severe,region,proportion,South-eastern Asia,0.07142857142857142
Low_to_Severe,region,count,Western Europe,1.0
Low_to_Severe,region,proportion,Western Europe,0.07142857142857142
Low_to_Severe,region,count,Eastern Asia,1.0
Low_to_Severe,region,proportion,Eastern Asia,0.07142857142857142
Low_to_Severe,date_granularity,count,day,13.0
Low_to_Severe,date_granularity,proportion,day,0.9285714285714286
Low_to_Severe,date_granularity,count,month,1.0
Low_to_Severe,date_granularity,proportion,month,0.07142857142857142
Low_to_Severe,date_imputed,count,0,13.0
Low_to_Severe,date_imputed,proportion,0,0.9285714285714286
Low_to_Severe,date_imputed,count,1,1.0
Low_to_Severe,date_imputed,proportion,1,0.07142857142857142
Low_to_Severe,hdi_missing,count,0,14.0
Low_to_Severe,hdi_missing,proportion,0,1.0
Low_to_Severe,magnitude_missing,count,1,11.0
Low_to_Severe,magnitude_missing,proportion,1,0.7857142857142857
Low_to_Severe,magnitude_missing,count,0,3.0
Low_to_Severe,magnitude_missing,proportion,0,0.21428571428571427
Low_to_Severe,magnitude_group_unknown,count,0,9.0
Low_to_Severe,magnitude_group_unknown,proportion,0,0.6428571428571429
Low_to_Severe,magnitude_group_unknown,count,1,5.0
Low_to_Severe,magnitude_group_unknown,proportion,1,0.35714285714285715
Low_to_Severe,month_missing,count,0,14.0
Low_to_Severe,month_missing,proportion,0,1.0
