transformed_feature,original_feature,class,mean_abs_shap
categorical__country_code_AFG,country_code,Low,8.52565923310795e-05
categorical__country_code_AFG,country_code,Moderate,0.000157355780641578
categorical__country_code_AFG,country_code,Severe,0.00022182157160037253
categorical__country_code_AGO,country_code,Low,2.3852975919769596e-05
categorical__country_code_AGO,country_code,Moderate,2.1330868996099157e-05
categorical__country_code_AGO,country_code,Severe,1.7622918635167655e-05
categorical__country_code_AIA,country_code,Low,0.0
categorical__country_code_AIA,country_code,Moderate,0.0
categorical__country_code_AIA,country_code,Severe,0.0
categorical__country_code_ALB,country_code,Low,0.0
categorical__country_code_ALB,country_code,Moderate,0.0
categorical__country_code_ALB,country_code,Severe,0.0
categorical__country_code_ANT,country_code,Low,0.0
categorical__country_code_ANT,country_code,Moderate,0.0
categorical__country_code_ANT,country_code,Severe,0.0
categorical__country_code_ARE,country_code,Low,0.0
categorical__country_code_ARE,country_code,Moderate,0.0
categorical__country_code_ARE,country_code,Severe,0.0
categorical__country_code_ARG,country_code,Low,3.3252611543214e-05
categorical__country_code_ARG,country_code,Moderate,2.9290021183293383e-05
categorical__country_code_ARG,country_code,Severe,4.897348351052408e-06
categorical__country_code_ARM,country_code,Low,0.0
categorical__country_code_ARM,country_code,Moderate,0.0
categorical__country_code_ARM,country_code,Severe,0.0
categorical__country_code_ASM,country_code,Low,0.0
categorical__country_code_ASM,country_code,Moderate,0.0
categorical__country_code_ASM,country_code,Severe,0.0
categorical__country_code_ATG,country_code,Low,0.0
categorical__country_code_ATG,country_code,Moderate,0.0
categorical__country_code_ATG,country_code,Severe,0.0
categorical__country_code_AUS,country_code,Low,5.815098329162313e-06
categorical__country_code_AUS,country_code,Moderate,1.0307908145250235e-05
categorical__country_code_AUS,country_code,Severe,1.6101278299495106e-05
categorical__country_code_AUT,country_code,Low,6.84925473404193e-07
categorical__country_code_AUT,country_code,Moderate,6.849254734041562e-07
categorical__country_code_AUT,country_code,Severe,0.0
categorical__country_code_AZE,country_code,Low,0.0
categorical__country_code_AZE,country_code,Moderate,0.0
categorical__country_code_AZE,country_code,Severe,0.0
categorical__country_code_BDI,country_code,Low,9.129834342115564e-06
categorical__country_code_BDI,country_code,Moderate,3.56594972133202e-06
categorical__country_code_BDI,country_code,Severe,5.8222910660026086e-06
categorical__country_code_BEL,country_code,Low,6.71554344698182e-05
categorical__country_code_BEL,country_code,Moderate,1.4791731629889088e-05
categorical__country_code_BEL,country_code,Severe,8.194716609970665e-05
categorical__country_code_BEN,country_code,Low,0.00014175219712131494
categorical__country_code_BEN,country_code,Moderate,1.2411317077532872e-05
categorical__country_code_BEN,country_code,Severe,0.0001295453026616841
categorical__country_code_BFA,country_code,Low,4.00487770410437e-05
categorical__country_code_BFA,country_code,Moderate,6.873859858261039e-05
categorical__country_code_BFA,country_code,Severe,0.00010878737562365368
categorical__country_code_BGD,country_code,Low,0.0003139602578532125
categorical__country_code_BGD,country_code,Moderate,0.0015103387798300315
categorical__country_code_BGD,country_code,Severe,0.001197182888309142
categorical__country_code_BGR,country_code,Low,0.0
categorical__country_code_BGR,country_code,Moderate,0.0
categorical__country_code_BGR,country_code,Severe,0.0
categorical__country_code_BHR,country_code,Low,0.0
categorical__country_code_BHR,country_code,Moderate,0.0
categorical__country_code_BHR,country_code,Severe,0.0
categorical__country_code_BHS,country_code,Low,1.0795720072614422e-05
categorical__country_code_BHS,country_code,Moderate,1.4572544916504764e-06
categorical__country_code_BHS,country_code,Severe,1.2252974564264798e-05
categorical__country_code_BIH,country_code,Low,0.0
categorical__country_code_BIH,country_code,Moderate,0.0
categorical__country_code_BIH,country_code,Severe,0.0
categorical__country_code_BLM,country_code,Low,0.0
categorical__country_code_BLM,country_code,Moderate,0.0
categorical__country_code_BLM,country_code,Severe,0.0
categorical__country_code_BLR,country_code,Low,0.0
categorical__country_code_BLR,country_code,Moderate,0.0
categorical__country_code_BLR,country_code,Severe,0.0
categorical__country_code_BLZ,country_code,Low,0.0
categorical__country_code_BLZ,country_code,Moderate,0.0
categorical__country_code_BLZ,country_code,Severe,0.0
categorical__country_code_BMU,country_code,Low,0.0
categorical__country_code_BMU,country_code,Moderate,0.0
categorical__country_code_BMU,country_code,Severe,0.0
categorical__country_code_BOL,country_code,Low,1.7974261265249843e-06
categorical__country_code_BOL,country_code,Moderate,3.0663910752432284e-06
categorical__country_code_BOL,country_code,Severe,1.2689649487180844e-06
categorical__country_code_BRA,country_code,Low,2.9928168244474544e-05
categorical__country_code_BRA,country_code,Moderate,9.536403629407715e-05
categorical__country_code_BRA,country_code,Severe,0.00011751370949748398
categorical__country_code_BRB,country_code,Low,0.0
categorical__country_code_BRB,country_code,Moderate,0.0
categorical__country_code_BRB,country_code,Severe,0.0
categorical__country_code_BTN,country_code,Low,0.0
categorical__country_code_BTN,country_code,Moderate,0.0
categorical__country_code_BTN,country_code,Severe,0.0
categorical__country_code_BWA,country_code,Low,0.0
categorical__country_code_BWA,country_code,Moderate,0.0
categorical__country_code_BWA,country_code,Severe,0.0
categorical__country_code_CAF,country_code,Low,5.414056239698667e-06
categorical__country_code_CAF,country_code,Moderate,1.907917112886583e-06
categorical__country_code_CAF,country_code,Severe,7.321973352585134e-06
categorical__country_code_CAN,country_code,Low,1.3506189881141205e-05
categorical__country_code_CAN,country_code,Moderate,1.1571367866429824e-05
categorical__country_code_CAN,country_code,Severe,1.93482201471151e-06
categorical__country_code_CHE,country_code,Low,2.1333447861442205e-06
categorical__country_code_CHE,country_code,Moderate,2.1333447861442417e-06
categorical__country_code_CHE,country_code,Severe,0.0
categorical__country_code_CHL,country_code,Low,2.838703061768727e-05
categorical__country_code_CHL,country_code,Moderate,4.088919551322157e-06
categorical__country_code_CHL,country_code,Severe,3.2153288169625195e-05
categorical__country_code_CHN,country_code,Low,0.005068469118067359
categorical__country_code_CHN,country_code,Moderate,0.004267047784718379
categorical__country_code_CHN,country_code,Severe,0.0021764974512564926
categorical__country_code_CIV,country_code,Low,9.845348755922531e-06
categorical__country_code_CIV,country_code,Moderate,2.7569342388568926e-05
categorical__country_code_CIV,country_code,Severe,2.7540900617471656e-05
categorical__country_code_CMR,country_code,Low,8.468938527066096e-06
categorical__country_code_CMR,country_code,Moderate,4.529302693863578e-06
categorical__country_code_CMR,country_code,Severe,9.676293389037217e-06
categorical__country_code_COD,country_code,Low,0.00011600051210435786
categorical__country_code_COD,country_code,Moderate,0.00025508112200735614
categorical__country_code_COD,country_code,Severe,0.0003495480159922104
categorical__country_code_COG,country_code,Low,5.361175889293444e-06
categorical__country_code_COG,country_code,Moderate,7.393405061034519e-07
categorical__country_code_COG,country_code,Severe,5.912113121592213e-06
categorical__country_code_COL,country_code,Low,0.0007686540064711571
categorical__country_code_COL,country_code,Moderate,0.0004745456196600326
categorical__country_code_COL,country_code,Severe,0.00029563511699802345
categorical__country_code_COM,country_code,Low,1.0455505352038892e-07
categorical__country_code_COM,country_code,Moderate,2.0339801492227474e-06
categorical__country_code_COM,country_code,Severe,2.1084675629203526e-06
categorical__country_code_CPV,country_code,Low,0.0
categorical__country_code_CPV,country_code,Moderate,0.0
categorical__country_code_CPV,country_code,Severe,0.0
categorical__country_code_CRI,country_code,Low,0.0
categorical__country_code_CRI,country_code,Moderate,0.0
categorical__country_code_CRI,country_code,Severe,0.0
categorical__country_code_CUB,country_code,Low,1.3702397212670684e-06
categorical__country_code_CUB,country_code,Moderate,2.3339067414117364e-06
categorical__country_code_CUB,country_code,Severe,3.2687215323535036e-06
categorical__country_code_CUW,country_code,Low,0.0
categorical__country_code_CUW,country_code,Moderate,0.0
categorical__country_code_CUW,country_code,Severe,0.0
categorical__country_code_CYM,country_code,Low,0.0
categorical__country_code_CYM,country_code,Moderate,0.0
categorical__country_code_CYM,country_code,Severe,0.0
categorical__country_code_CYP,country_code,Low,0.0
categorical__country_code_CYP,country_code,Moderate,0.0
categorical__country_code_CYP,country_code,Severe,0.0
categorical__country_code_CZE,country_code,Low,1.0053690804227573e-06
categorical__country_code_CZE,country_code,Moderate,1.0053690804227802e-06
categorical__country_code_CZE,country_code,Severe,0.0
categorical__country_code_DEU,country_code,Low,6.877035446262139e-05
categorical__country_code_DEU,country_code,Moderate,7.307820760707277e-06
categorical__country_code_DEU,country_code,Severe,6.713355329179538e-05
categorical__country_code_DJI,country_code,Low,3.000290378943305e-07
categorical__country_code_DJI,country_code,Moderate,9.196275096660326e-08
categorical__country_code_DJI,country_code,Severe,2.080662869277381e-07
categorical__country_code_DMA,country_code,Low,0.0
categorical__country_code_DMA,country_code,Moderate,0.0
categorical__country_code_DMA,country_code,Severe,0.0
categorical__country_code_DNK,country_code,Low,0.0
categorical__country_code_DNK,country_code,Moderate,0.0
categorical__country_code_DNK,country_code,Severe,0.0
categorical__country_code_DOM,country_code,Low,1.68763830179329e-05
categorical__country_code_DOM,country_code,Moderate,1.2454400532903657e-05
categorical__country_code_DOM,country_code,Severe,2.9330783550836426e-05
categorical__country_code_DZA,country_code,Low,6.580011467442985e-05
categorical__country_code_DZA,country_code,Moderate,1.9918786968625257e-05
categorical__country_code_DZA,country_code,Severe,4.6015514362747015e-05
categorical__country_code_ECU,country_code,Low,1.57736622661489e-05
categorical__country_code_ECU,country_code,Moderate,1.884745813600343e-05
categorical__country_code_ECU,country_code,Severe,5.806832465238926e-06
categorical__country_code_EGY,country_code,Low,1.5425472093992842e-06
categorical__country_code_EGY,country_code,Moderate,1.04491427676348e-05
categorical__country_code_EGY,country_code,Severe,1.1102955822191011e-05
categorical__country_code_ERI,country_code,Low,0.0
categorical__country_code_ERI,country_code,Moderate,0.0
categorical__country_code_ERI,country_code,Severe,0.0
categorical__country_code_ESP,country_code,Low,2.311277497293913e-05
categorical__country_code_ESP,country_code,Moderate,1.0578371015024392e-05
categorical__country_code_ESP,country_code,Severe,3.227485108608774e-05
categorical__country_code_EST,country_code,Low,0.0
categorical__country_code_EST,country_code,Moderate,0.0
categorical__country_code_EST,country_code,Severe,0.0
categorical__country_code_ETH,country_code,Low,0.00042375506935988784
categorical__country_code_ETH,country_code,Moderate,5.059966223362543e-05
categorical__country_code_ETH,country_code,Severe,0.0004640484444467921
categorical__country_code_FIN,country_code,Low,0.0
categorical__country_code_FIN,country_code,Moderate,0.0
categorical__country_code_FIN,country_code,Severe,0.0
categorical__country_code_FJI,country_code,Low,1.6904868880561376e-06
categorical__country_code_FJI,country_code,Moderate,3.971256443296459e-07
categorical__country_code_FJI,country_code,Severe,1.2933612437264598e-06
categorical__country_code_FRA,country_code,Low,3.311452703463279e-05
categorical__country_code_FRA,country_code,Moderate,1.2572090368271437e-05
categorical__country_code_FRA,country_code,Severe,4.484202903466735e-05
categorical__country_code_FSM,country_code,Low,0.0
categorical__country_code_FSM,country_code,Moderate,0.0
categorical__country_code_FSM,country_code,Severe,0.0
categorical__country_code_GAB,country_code,Low,0.0
categorical__country_code_GAB,country_code,Moderate,0.0
categorical__country_code_GAB,country_code,Severe,0.0
categorical__country_code_GBR,country_code,Low,2.0154478757515943e-06
categorical__country_code_GBR,country_code,Moderate,1.054394264736776e-06
categorical__country_code_GBR,country_code,Severe,2.8134571307147035e-06
categorical__country_code_GEO,country_code,Low,0.0
categorical__country_code_GEO,country_code,Moderate,0.0
categorical__country_code_GEO,country_code,Severe,0.0
categorical__country_code_GHA,country_code,Low,1.1937992723511711e-05
categorical__country_code_GHA,country_code,Moderate,4.550269440974215e-05
categorical__country_code_GHA,country_code,Severe,5.744068713325312e-05
categorical__country_code_GIN,country_code,Low,4.730828751996377e-06
categorical__country_code_GIN,country_code,Moderate,1.3176527377744086e-06
categorical__country_code_GIN,country_code,Severe,5.012881408024944e-06
categorical__country_code_GLP,country_code,Low,0.0
categorical__country_code_GLP,country_code,Moderate,0.0
categorical__country_code_GLP,country_code,Severe,0.0
categorical__country_code_GMB,country_code,Low,0.0
categorical__country_code_GMB,country_code,Moderate,0.0
categorical__country_code_GMB,country_code,Severe,0.0
categorical__country_code_GNB,country_code,Low,0.0
categorical__country_code_GNB,country_code,Moderate,0.0
categorical__country_code_GNB,country_code,Severe,0.0
categorical__country_code_GNQ,country_code,Low,0.0
categorical__country_code_GNQ,country_code,Moderate,0.0
categorical__country_code_GNQ,country_code,Severe,0.0
categorical__country_code_GRC,country_code,Low,8.991128988388515e-05
categorical__country_code_GRC,country_code,Moderate,4.262909472200757e-05
categorical__country_code_GRC,country_code,Severe,0.00013226883213302197
categorical__country_code_GRD,country_code,Low,0.0
categorical__country_code_GRD,country_code,Moderate,0.0
categorical__country_code_GRD,country_code,Severe,0.0
categorical__country_code_GTM,country_code,Low,1.6056187995654204e-05
categorical__country_code_GTM,country_code,Moderate,3.8967073360588574e-05
categorical__country_code_GTM,country_code,Severe,5.475176419038121e-05
categorical__country_code_GUF,country_code,Low,0.0
categorical__country_code_GUF,country_code,Moderate,0.0
categorical__country_code_GUF,country_code,Severe,0.0
categorical__country_code_GUM,country_code,Low,0.0
categorical__country_code_GUM,country_code,Moderate,0.0
categorical__country_code_GUM,country_code,Severe,0.0
categorical__country_code_GUY,country_code,Low,0.0
categorical__country_code_GUY,country_code,Moderate,0.0
categorical__country_code_GUY,country_code,Severe,0.0
categorical__country_code_HKG,country_code,Low,0.0
categorical__country_code_HKG,country_code,Moderate,0.0
categorical__country_code_HKG,country_code,Severe,0.0
categorical__country_code_HND,country_code,Low,4.80139121911985e-06
categorical__country_code_HND,country_code,Moderate,1.4234350153052544e-05
categorical__country_code_HND,country_code,Severe,1.4291041078001395e-05
categorical__country_code_HRV,country_code,Low,0.0
categorical__country_code_HRV,country_code,Moderate,0.0
categorical__country_code_HRV,country_code,Severe,0.0
categorical__country_code_HTI,country_code,Low,4.37879697904477e-05
categorical__country_code_HTI,country_code,Moderate,1.3575982233797793e-05
categorical__country_code_HTI,country_code,Severe,3.126315527635192e-05
categorical__country_code_HUN,country_code,Low,1.649865751158282e-05
categorical__country_code_HUN,country_code,Moderate,8.240812983879923e-07
categorical__country_code_HUN,country_code,Severe,1.5886776366923857e-05
categorical__country_code_IDN,country_code,Low,0.0004220442386345397
categorical__country_code_IDN,country_code,Moderate,0.00048451337142107516
categorical__country_code_IDN,country_code,Severe,0.0009065576100556217
categorical__country_code_IND,country_code,Low,0.0025564535418529434
categorical__country_code_IND,country_code,Moderate,0.0007506516939311802
categorical__country_code_IND,country_code,Severe,0.0018190340937815498
categorical__country_code_IRL,country_code,Low,0.0
categorical__country_code_IRL,country_code,Moderate,0.0
categorical__country_code_IRL,country_code,Severe,0.0
categorical__country_code_IRN,country_code,Low,0.000226728138740527
categorical__country_code_IRN,country_code,Moderate,7.237350212782934e-05
categorical__country_code_IRN,country_code,Severe,0.00016816395401101587
categorical__country_code_IRQ,country_code,Low,6.750100189157256e-06
categorical__country_code_IRQ,country_code,Moderate,1.821414089094333e-05
categorical__country_code_IRQ,country_code,Severe,2.390138213778924e-05
categorical__country_code_ISR,country_code,Low,0.0
categorical__country_code_ISR,country_code,Moderate,0.0
categorical__country_code_ISR,country_code,Severe,0.0
categorical__country_code_ITA,country_code,Low,0.00010598558973232795
categorical__country_code_ITA,country_code,Moderate,0.00014374515640159063
categorical__country_code_ITA,country_code,Severe,0.00023385864115665385
categorical__country_code_JAM,country_code,Low,1.1214157306880521e-06
categorical__country_code_JAM,country_code,Moderate,3.3604397291284925e-07
categorical__country_code_JAM,country_code,Severe,7.865435670383565e-07
categorical__country_code_JOR,country_code,Low,0.0
categorical__country_code_JOR,country_code,Moderate,3.3259914362311026e-20
categorical__country_code_JOR,country_code,Severe,0.0
categorical__country_code_JPN,country_code,Low,0.00018136947269215605
categorical__country_code_JPN,country_code,Moderate,0.00018183942935619368
categorical__country_code_JPN,country_code,Severe,0.0002798620121901137
categorical__country_code_KAZ,country_code,Low,0.0
categorical__country_code_KAZ,country_code,Moderate,0.0
categorical__country_code_KAZ,country_code,Severe,0.0
categorical__country_code_KEN,country_code,Low,4.0957333404509913e-05
categorical__country_code_KEN,country_code,Moderate,0.0001626597663095827
categorical__country_code_KEN,country_code,Severe,0.00018156159357189032
categorical__country_code_KGZ,country_code,Low,0.0
categorical__country_code_KGZ,country_code,Moderate,0.0
categorical__country_code_KGZ,country_code,Severe,0.0
categorical__country_code_KHM,country_code,Low,3.8049771498742286e-05
categorical__country_code_KHM,country_code,Moderate,5.451551401204081e-06
categorical__country_code_KHM,country_code,Severe,4.235078182425314e-05
categorical__country_code_KIR,country_code,Low,0.0
categorical__country_code_KIR,country_code,Moderate,0.0
categorical__country_code_KIR,country_code,Severe,0.0
categorical__country_code_KOR,country_code,Low,0.00020757897798514335
categorical__country_code_KOR,country_code,Moderate,0.00012179645663929449
categorical__country_code_KOR,country_code,Severe,0.00015390258245968395
categorical__country_code_KWT,country_code,Low,0.0
categorical__country_code_KWT,country_code,Moderate,0.0
categorical__country_code_KWT,country_code,Severe,0.0
categorical__country_code_LAO,country_code,Low,2.7207712784775754e-06
categorical__country_code_LAO,country_code,Moderate,2.2511539155505087e-06
categorical__country_code_LAO,country_code,Severe,4.700321837122092e-06
categorical__country_code_LBN,country_code,Low,0.0
categorical__country_code_LBN,country_code,Moderate,0.0
categorical__country_code_LBN,country_code,Severe,0.0
categorical__country_code_LBR,country_code,Low,0.0
categorical__country_code_LBR,country_code,Moderate,0.0
categorical__country_code_LBR,country_code,Severe,0.0
categorical__country_code_LBY,country_code,Low,0.00037305716702244935
categorical__country_code_LBY,country_code,Moderate,0.0008172702642328766
categorical__country_code_LBY,country_code,Severe,0.001190265366834668
categorical__country_code_LCA,country_code,Low,0.0
categorical__country_code_LCA,country_code,Moderate,0.0
categorical__country_code_LCA,country_code,Severe,0.0
categorical__country_code_LKA,country_code,Low,0.00013760658096886508
categorical__country_code_LKA,country_code,Moderate,8.799895522924063e-05
categorical__country_code_LKA,country_code,Severe,9.776030221615913e-05
categorical__country_code_LSO,country_code,Low,0.0
categorical__country_code_LSO,country_code,Moderate,0.0
categorical__country_code_LSO,country_code,Severe,0.0
categorical__country_code_LTU,country_code,Low,0.0
categorical__country_code_LTU,country_code,Moderate,0.0
categorical__country_code_LTU,country_code,Severe,0.0
categorical__country_code_LUX,country_code,Low,0.0
categorical__country_code_LUX,country_code,Moderate,0.0
categorical__country_code_LUX,country_code,Severe,0.0
categorical__country_code_LVA,country_code,Low,0.0
categorical__country_code_LVA,country_code,Moderate,0.0
categorical__country_code_LVA,country_code,Severe,0.0
categorical__country_code_MAC,country_code,Low,0.0
categorical__country_code_MAC,country_code,Moderate,0.0
categorical__country_code_MAC,country_code,Severe,0.0
categorical__country_code_MAF,country_code,Low,0.0
categorical__country_code_MAF,country_code,Moderate,0.0
categorical__country_code_MAF,country_code,Severe,0.0
categorical__country_code_MAR,country_code,Low,2.588381527491104e-06
categorical__country_code_MAR,country_code,Moderate,2.410060097990184e-05
categorical__country_code_MAR,country_code,Severe,2.326676477388225e-05
categorical__country_code_MDA,country_code,Low,0.0
categorical__country_code_MDA,country_code,Moderate,0.0
categorical__country_code_MDA,country_code,Severe,0.0
categorical__country_code_MDG,country_code,Low,7.054527612195612e-05
categorical__country_code_MDG,country_code,Moderate,3.0158755783938175e-05
categorical__country_code_MDG,country_code,Severe,4.067030334073635e-05
categorical__country_code_MDV,country_code,Low,0.0
categorical__country_code_MDV,country_code,Moderate,0.0
categorical__country_code_MDV,country_code,Severe,0.0
categorical__country_code_MEX,country_code,Low,6.5798961723158e-05
categorical__country_code_MEX,country_code,Moderate,2.0106745918144468e-05
categorical__country_code_MEX,country_code,Severe,7.465395198991374e-05
categorical__country_code_MHL,country_code,Low,0.0
categorical__country_code_MHL,country_code,Moderate,0.0
categorical__country_code_MHL,country_code,Severe,0.0
categorical__country_code_MKD,country_code,Low,1.2379800445060599e-07
categorical__country_code_MKD,country_code,Moderate,1.2379800445060787e-07
categorical__country_code_MKD,country_code,Severe,0.0
categorical__country_code_MLI,country_code,Low,4.79513267698077e-06
categorical__country_code_MLI,country_code,Moderate,7.398386579774835e-06
categorical__country_code_MLI,country_code,Severe,1.2193519256755274e-05
categorical__country_code_MLT,country_code,Low,0.0
categorical__country_code_MLT,country_code,Moderate,1.3049940699785304e-21
categorical__country_code_MLT,country_code,Severe,0.0
categorical__country_code_MMR,country_code,Low,0.0002727827506935215
categorical__country_code_MMR,country_code,Moderate,0.00012719179530477654
categorical__country_code_MMR,country_code,Severe,0.000399974545998298
categorical__country_code_MNE,country_code,Low,0.0
categorical__country_code_MNE,country_code,Moderate,0.0
categorical__country_code_MNE,country_code,Severe,0.0
categorical__country_code_MNG,country_code,Low,0.0
categorical__country_code_MNG,country_code,Moderate,0.0
categorical__country_code_MNG,country_code,Severe,0.0
categorical__country_code_MNP,country_code,Low,0.0
categorical__country_code_MNP,country_code,Moderate,0.0
categorical__country_code_MNP,country_code,Severe,0.0
categorical__country_code_MOZ,country_code,Low,9.243045961537611e-05
categorical__country_code_MOZ,country_code,Moderate,6.411266550526433e-05
categorical__country_code_MOZ,country_code,Severe,0.00012007885287382267
categorical__country_code_MRT,country_code,Low,5.040817226593007e-08
categorical__country_code_MRT,country_code,Moderate,8.132774318699148e-07
categorical__country_code_MRT,country_code,Severe,7.628692596039419e-07
categorical__country_code_MTQ,country_code,Low,0.0
categorical__country_code_MTQ,country_code,Moderate,0.0
categorical__country_code_MTQ,country_code,Severe,0.0
categorical__country_code_MUS,country_code,Low,0.0
categorical__country_code_MUS,country_code,Moderate,0.0
categorical__country_code_MUS,country_code,Severe,0.0
categorical__country_code_MWI,country_code,Low,1.7523255613739759e-06
categorical__country_code_MWI,country_code,Moderate,3.899316458662755e-06
categorical__country_code_MWI,country_code,Severe,4.663856703681497e-06
categorical__country_code_MYS,country_code,Low,7.22209899410225e-06
categorical__country_code_MYS,country_code,Moderate,2.9148831934140705e-06
categorical__country_code_MYS,country_code,Severe,5.4403086930103655e-06
categorical__country_code_MYT,country_code,Low,0.0
categorical__country_code_MYT,country_code,Moderate,0.0
categorical__country_code_MYT,country_code,Severe,0.0
categorical__country_code_NAM,country_code,Low,9.287233246534607e-07
categorical__country_code_NAM,country_code,Moderate,3.558309986466401e-07
categorical__country_code_NAM,country_code,Severe,1.2151377766787335e-06
categorical__country_code_NCL,country_code,Low,0.0
categorical__country_code_NCL,country_code,Moderate,0.0
categorical__country_code_NCL,country_code,Severe,0.0
categorical__country_code_NER,country_code,Low,1.1610341848042645e-05
categorical__country_code_NER,country_code,Moderate,1.2007639476160595e-05
categorical__country_code_NER,country_code,Severe,5.645324307075588e-06
categorical__country_code_NGA,country_code,Low,0.0010259565416726475
categorical__country_code_NGA,country_code,Moderate,0.0005639991158580752
categorical__country_code_NGA,country_code,Severe,0.0015759300336165914
categorical__country_code_NIC,country_code,Low,8.625802788916131e-06
categorical__country_code_NIC,country_code,Moderate,1.368774976001249e-06
categorical__country_code_NIC,country_code,Severe,9.875143507203528e-06
categorical__country_code_NIU,country_code,Low,0.0
categorical__country_code_NIU,country_code,Moderate,0.0
categorical__country_code_NIU,country_code,Severe,0.0
categorical__country_code_NLD,country_code,Low,2.4863818572559964e-05
categorical__country_code_NLD,country_code,Moderate,6.391427570443039e-06
categorical__country_code_NLD,country_code,Severe,3.1255246143003025e-05
categorical__country_code_NOR,country_code,Low,0.0
categorical__country_code_NOR,country_code,Moderate,0.0
categorical__country_code_NOR,country_code,Severe,0.0
categorical__country_code_NPL,country_code,Low,8.437289942918273e-05
categorical__country_code_NPL,country_code,Moderate,3.798591250397957e-05
categorical__country_code_NPL,country_code,Severe,0.00011064177457517841
categorical__country_code_NZL,country_code,Low,4.5404976001068736e-05
categorical__country_code_NZL,country_code,Moderate,1.1901531782374676e-05
categorical__country_code_NZL,country_code,Severe,5.730650778344256e-05
categorical__country_code_OMN,country_code,Low,1.037388118413573e-05
categorical__country_code_OMN,country_code,Moderate,1.0495066409635939e-05
categorical__country_code_OMN,country_code,Severe,1.2118522550011396e-07
categorical__country_code_PAK,country_code,Low,0.00014431042161318862
categorical__country_code_PAK,country_code,Moderate,0.00013063018933507254
categorical__country_code_PAK,country_code,Severe,0.0001402418405217131
categorical__country_code_PAN,country_code,Low,1.3389820481502174e-06
categorical__country_code_PAN,country_code,Moderate,1.3957907009607316e-06
categorical__country_code_PAN,country_code,Severe,5.6808652810492705e-08
categorical__country_code_PER,country_code,Low,0.00023315072728295305
categorical__country_code_PER,country_code,Moderate,3.4901130910853606e-05
categorical__country_code_PER,country_code,Severe,0.00025711456163395274
categorical__country_code_PHL,country_code,Low,0.00025437294393447187
categorical__country_code_PHL,country_code,Moderate,0.000366962819900115
categorical__country_code_PHL,country_code,Severe,0.0002794288854799157
categorical__country_code_PNG,country_code,Low,7.896741250802841e-06
categorical__country_code_PNG,country_code,Moderate,3.9892272809054305e-06
categorical__country_code_PNG,country_code,Severe,1.1885968531707992e-05
categorical__country_code_POL,country_code,Low,0.0003037862304074825
categorical__country_code_POL,country_code,Moderate,2.0513486238601905e-05
categorical__country_code_POL,country_code,Severe,0.00031176718819221166
categorical__country_code_PRI,country_code,Low,0.0
categorical__country_code_PRI,country_code,Moderate,0.0
categorical__country_code_PRI,country_code,Severe,0.0
categorical__country_code_PRK,country_code,Low,0.0006342225915176582
categorical__country_code_PRK,country_code,Moderate,6.284731630421365e-05
categorical__country_code_PRK,country_code,Severe,0.0005742282787827959
categorical__country_code_PRT,country_code,Low,2.111102599425669e-06
categorical__country_code_PRT,country_code,Moderate,3.185904994806839e-06
categorical__country_code_PRT,country_code,Severe,1.0748023953811675e-06
categorical__country_code_PRY,country_code,Low,8.939242377981131e-07
categorical__country_code_PRY,country_code,Moderate,1.19387951887257e-06
categorical__country_code_PRY,country_code,Severe,6.582914074220994e-07
categorical__country_code_PSE,country_code,Low,0.0
categorical__country_code_PSE,country_code,Moderate,0.0
categorical__country_code_PSE,country_code,Severe,0.0
categorical__country_code_PYF,country_code,Low,0.0
categorical__country_code_PYF,country_code,Moderate,0.0
categorical__country_code_PYF,country_code,Severe,0.0
categorical__country_code_QAT,country_code,Low,0.0
categorical__country_code_QAT,country_code,Moderate,0.0
categorical__country_code_QAT,country_code,Severe,0.0
categorical__country_code_REU,country_code,Low,0.0
categorical__country_code_REU,country_code,Moderate,0.0
categorical__country_code_REU,country_code,Severe,0.0
categorical__country_code_ROU,country_code,Low,9.871333488524733e-06
categorical__country_code_ROU,country_code,Moderate,9.124187325016008e-05
categorical__country_code_ROU,country_code,Severe,0.00010043723642209692
categorical__country_code_RUS,country_code,Low,0.000542032853545498
categorical__country_code_RUS,country_code,Moderate,5.230079747731863e-05
categorical__country_code_RUS,country_code,Severe,0.0005606171253702332
categorical__country_code_RWA,country_code,Low,1.9884164412511774e-05
categorical__country_code_RWA,country_code,Moderate,2.1908968027468962e-05
categorical__country_code_RWA,country_code,Severe,2.0248036149569946e-06
categorical__country_code_SAU,country_code,Low,0.00016886329261608653
categorical__country_code_SAU,country_code,Moderate,0.00017270932721375536
categorical__country_code_SAU,country_code,Severe,0.0002644879251975018
categorical__country_code_SCG,country_code,Low,0.0
categorical__country_code_SCG,country_code,Moderate,0.0
categorical__country_code_SCG,country_code,Severe,0.0
categorical__country_code_SDN,country_code,Low,0.00010930521827191744
categorical__country_code_SDN,country_code,Moderate,2.8343874301404213e-05
categorical__country_code_SDN,country_code,Severe,0.0001336989022967165
categorical__country_code_SEN,country_code,Low,1.2144179527727802e-06
categorical__country_code_SEN,country_code,Moderate,9.784337164483551e-06
categorical__country_code_SEN,country_code,Severe,8.890629694786363e-06
categorical__country_code_SGP,country_code,Low,0.0
categorical__country_code_SGP,country_code,Moderate,0.0
categorical__country_code_SGP,country_code,Severe,0.0
categorical__country_code_SLB,country_code,Low,0.0
categorical__country_code_SLB,country_code,Moderate,0.0
categorical__country_code_SLB,country_code,Severe,0.0
categorical__country_code_SLE,country_code,Low,3.091838705566497e-05
categorical__country_code_SLE,country_code,Moderate,5.8205344575604394e-05
categorical__country_code_SLE,country_code,Severe,8.912373163126746e-05
categorical__country_code_SLV,country_code,Low,1.659251858021652e-05
categorical__country_code_SLV,country_code,Moderate,4.180978467350987e-06
categorical__country_code_SLV,country_code,Severe,1.9865548123611936e-05
categorical__country_code_SOM,country_code,Low,1.8346586048586108e-05
categorical__country_code_SOM,country_code,Moderate,4.205326996536632e-05
categorical__country_code_SOM,country_code,Severe,5.1215931600672795e-05
categorical__country_code_SPI,country_code,Low,6.556493349149624e-07
categorical__country_code_SPI,country_code,Moderate,6.556493349149624e-07
categorical__country_code_SPI,country_code,Severe,0.0
categorical__country_code_SRB,country_code,Low,0.0
categorical__country_code_SRB,country_code,Moderate,0.0
categorical__country_code_SRB,country_code,Severe,0.0
categorical__country_code_SSD,country_code,Low,9.19202756966208e-07
categorical__country_code_SSD,country_code,Moderate,1.8254879333979406e-06
categorical__country_code_SSD,country_code,Severe,2.6372499839180855e-06
categorical__country_code_STP,country_code,Low,0.0
categorical__country_code_STP,country_code,Moderate,0.0
categorical__country_code_STP,country_code,Severe,0.0
categorical__country_code_SUR,country_code,Low,0.0
categorical__country_code_SUR,country_code,Moderate,0.0
categorical__country_code_SUR,country_code,Severe,0.0
categorical__country_code_SVK,country_code,Low,2.1710962468279624e-06
categorical__country_code_SVK,country_code,Moderate,7.058563787445432e-07
categorical__country_code_SVK,country_code,Severe,2.8769526255724445e-06
categorical__country_code_SVN,country_code,Low,0.0
categorical__country_code_SVN,country_code,Moderate,0.0
categorical__country_code_SVN,country_code,Severe,0.0
categorical__country_code_SWE,country_code,Low,0.0
categorical__country_code_SWE,country_code,Moderate,0.0
categorical__country_code_SWE,country_code,Severe,0.0
categorical__country_code_SWZ,country_code,Low,0.0
categorical__country_code_SWZ,country_code,Moderate,0.0
categorical__country_code_SWZ,country_code,Severe,0.0
categorical__country_code_SXM,country_code,Low,0.0
categorical__country_code_SXM,country_code,Moderate,0.0
categorical__country_code_SXM,country_code,Severe,0.0
categorical__country_code_SYC,country_code,Low,0.0
categorical__country_code_SYC,country_code,Moderate,0.0
categorical__country_code_SYC,country_code,Severe,0.0
categorical__country_code_SYR,country_code,Low,6.001087554946506e-08
categorical__country_code_SYR,country_code,Moderate,6.001087554946463e-08
categorical__country_code_SYR,country_code,Severe,0.0
categorical__country_code_TCA,country_code,Low,0.0
categorical__country_code_TCA,country_code,Moderate,0.0
categorical__country_code_TCA,country_code,Severe,0.0
categorical__country_code_TCD,country_code,Low,2.237585474530898e-05
categorical__country_code_TCD,country_code,Moderate,1.8187026718854387e-05
categorical__country_code_TCD,country_code,Severe,4.05482901325753e-05
categorical__country_code_TGO,country_code,Low,4.64156866240307e-06
categorical__country_code_TGO,country_code,Moderate,2.4253542549864757e-06
categorical__country_code_TGO,country_code,Severe,7.066922917389518e-06
categorical__country_code_THA,country_code,Low,0.000100426999005137
categorical__country_code_THA,country_code,Moderate,2.2067799545489567e-05
categorical__country_code_THA,country_code,Severe,0.00010005424874899116
categorical__country_code_TJK,country_code,Low,3.903176869306808e-06
categorical__country_code_TJK,country_code,Moderate,2.0808008312749767e-06
categorical__country_code_TJK,country_code,Severe,1.8223760380320257e-06
categorical__country_code_TKM,country_code,Low,0.0
categorical__country_code_TKM,country_code,Moderate,0.0
categorical__country_code_TKM,country_code,Severe,0.0
categorical__country_code_TLS,country_code,Low,0.0
categorical__country_code_TLS,country_code,Moderate,0.0
categorical__country_code_TLS,country_code,Severe,0.0
categorical__country_code_TON,country_code,Low,0.0
categorical__country_code_TON,country_code,Moderate,0.0
categorical__country_code_TON,country_code,Severe,0.0
categorical__country_code_TTO,country_code,Low,0.0
categorical__country_code_TTO,country_code,Moderate,0.0
categorical__country_code_TTO,country_code,Severe,0.0
categorical__country_code_TUN,country_code,Low,1.1771026245602233e-06
categorical__country_code_TUN,country_code,Moderate,2.0260865901047187e-05
categorical__country_code_TUN,country_code,Severe,1.973387544085896e-05
categorical__country_code_TUR,country_code,Low,2.1615285226282987e-05
categorical__country_code_TUR,country_code,Moderate,1.2564878098980849e-05
categorical__country_code_TUR,country_code,Severe,2.1737161973560587e-05
categorical__country_code_TUV,country_code,Low,0.0
categorical__country_code_TUV,country_code,Moderate,0.0
categorical__country_code_TUV,country_code,Severe,0.0
categorical__country_code_TWN,country_code,Low,9.190417986024445e-05
categorical__country_code_TWN,country_code,Moderate,3.2245427339530164e-05
categorical__country_code_TWN,country_code,Severe,5.994834240667866e-05
categorical__country_code_TZA,country_code,Low,0.0001665604278197157
categorical__country_code_TZA,country_code,Moderate,0.0002679904130707117
categorical__country_code_TZA,country_code,Severe,0.0001971993385103458
categorical__country_code_UGA,country_code,Low,0.0002571993013960019
categorical__country_code_UGA,country_code,Moderate,7.779215151552085e-05
categorical__country_code_UGA,country_code,Severe,0.00031338000555574677
categorical__country_code_UKR,country_code,Low,7.087549013750018e-06
categorical__country_code_UKR,country_code,Moderate,1.0021679834804494e-05
categorical__country_code_UKR,country_code,Severe,1.1193606932806311e-05
categorical__country_code_URY,country_code,Low,0.0
categorical__country_code_URY,country_code,Moderate,0.0
categorical__country_code_URY,country_code,Severe,0.0
categorical__country_code_USA,country_code,Low,0.000256864082720195
categorical__country_code_USA,country_code,Moderate,0.0003474166438627354
categorical__country_code_USA,country_code,Severe,0.0001699140746587522
categorical__country_code_UZB,country_code,Low,0.0
categorical__country_code_UZB,country_code,Moderate,0.0
categorical__country_code_UZB,country_code,Severe,0.0
categorical__country_code_VCT,country_code,Low,0.0
categorical__country_code_VCT,country_code,Moderate,0.0
categorical__country_code_VCT,country_code,Severe,0.0
categorical__country_code_VEN,country_code,Low,3.6815987097563324e-07
categorical__country_code_VEN,country_code,Moderate,3.888509369549836e-07
categorical__country_code_VEN,country_code,Severe,2.0691065979400656e-08
categorical__country_code_VGB,country_code,Low,0.0
categorical__country_code_VGB,country_code,Moderate,0.0
categorical__country_code_VGB,country_code,Severe,0.0
categorical__country_code_VIR,country_code,Low,0.0
categorical__country_code_VIR,country_code,Moderate,0.0
categorical__country_code_VIR,country_code,Severe,0.0
categorical__country_code_VNM,country_code,Low,0.000528300179236175
categorical__country_code_VNM,country_code,Moderate,0.00033681385981169183
categorical__country_code_VNM,country_code,Severe,0.00019293218920716433
categorical__country_code_VUT,country_code,Low,0.0
categorical__country_code_VUT,country_code,Moderate,0.0
categorical__country_code_VUT,country_code,Severe,0.0
categorical__country_code_WSM,country_code,Low,0.0
categorical__country_code_WSM,country_code,Moderate,0.0
categorical__country_code_WSM,country_code,Severe,0.0
categorical__country_code_YEM,country_code,Low,4.1259938638685345e-05
categorical__country_code_YEM,country_code,Moderate,7.044780072577709e-05
categorical__country_code_YEM,country_code,Severe,3.063409617426433e-05
categorical__country_code_ZAF,country_code,Low,0.00022073786568721997
categorical__country_code_ZAF,country_code,Moderate,4.2353432092896097e-05
categorical__country_code_ZAF,country_code,Severe,0.00022786547140791843
categorical__country_code_ZMB,country_code,Low,7.1658739732798705e-06
categorical__country_code_ZMB,country_code,Moderate,1.6117559123782764e-06
categorical__country_code_ZMB,country_code,Severe,5.953478492984507e-06
categorical__country_code_ZWE,country_code,Low,0.0002537171331004992
categorical__country_code_ZWE,country_code,Moderate,0.00012215570566048448
categorical__country_code_ZWE,country_code,Severe,0.00030571151054237174
categorical__region_Australia and New Zealand,region,Low,7.722851842662035e-06
categorical__region_Australia and New Zealand,region,Moderate,2.2734960562380785e-05
categorical__region_Australia and New Zealand,region,Severe,3.045750541113659e-05
categorical__region_Central Asia,region,Low,3.1235589719258176e-05
categorical__region_Central Asia,region,Moderate,4.6499072084344255e-06
categorical__region_Central Asia,region,Severe,2.7182793792329426e-05
categorical__region_Eastern Asia,region,Low,0.004013057796846689
categorical__region_Eastern Asia,region,Moderate,0.0024193449657477864
categorical__region_Eastern Asia,region,Severe,0.002237863224174837
categorical__region_Eastern Europe,region,Low,0.0018405205027903404
categorical__region_Eastern Europe,region,Moderate,0.0004084651316549276
categorical__region_Eastern Europe,region,Severe,0.0014742915214873613
categorical__region_Latin America and the Caribbean,region,Low,0.0012390880251396397
categorical__region_Latin America and the Caribbean,region,Moderate,0.0002569385241265805
categorical__region_Latin America and the Caribbean,region,Severe,0.0011515404800714012
categorical__region_Melanesia,region,Low,4.373255129516093e-06
categorical__region_Melanesia,region,Moderate,3.3132069297065012e-06
categorical__region_Melanesia,region,Severe,5.660049378414315e-06
categorical__region_Micronesia,region,Low,0.0
categorical__region_Micronesia,region,Moderate,0.0
categorical__region_Micronesia,region,Severe,0.0
categorical__region_Northern Africa,region,Low,0.000586080785738903
categorical__region_Northern Africa,region,Moderate,0.00022996229877779225
categorical__region_Northern Africa,region,Severe,0.00041161341569260487
categorical__region_Northern America,region,Low,0.0003202596911757511
categorical__region_Northern America,region,Moderate,0.00023093456340013264
categorical__region_Northern America,region,Severe,0.0003158439002460241
categorical__region_Northern Europe,region,Low,2.4899600119210825e-05
categorical__region_Northern Europe,region,Moderate,1.3615345358656623e-05
categorical__region_Northern Europe,region,Severe,1.802652534886721e-05
categorical__region_Polynesia,region,Low,2.370508873002686e-06
categorical__region_Polynesia,region,Moderate,1.8135861049756975e-06
categorical__region_Polynesia,region,Severe,3.9377235004691145e-06
categorical__region_South-eastern Asia,region,Low,0.004817848547229485
categorical__region_South-eastern Asia,region,Moderate,0.000641756443802004
categorical__region_South-eastern Asia,region,Severe,0.004988775109917139
categorical__region_Southern Asia,region,Low,0.03245508858065514
categorical__region_Southern Asia,region,Moderate,0.006951425260891493
categorical__region_Southern Asia,region,Severe,0.025602847341765093
categorical__region_Southern Europe,region,Low,0.0016823458201427532
categorical__region_Southern Europe,region,Moderate,0.000554107417184564
categorical__region_Southern Europe,region,Severe,0.0021082373510092913
categorical__region_Sub-Saharan Africa,region,Low,0.0014348149328581407
categorical__region_Sub-Saharan Africa,region,Moderate,0.0040350172332499585
categorical__region_Sub-Saharan Africa,region,Severe,0.003500893438036782
categorical__region_Western Asia,region,Low,0.00018470057318736507
categorical__region_Western Asia,region,Moderate,0.00034978484414612486
categorical__region_Western Asia,region,Severe,0.00024985547566676346
categorical__region_Western Europe,region,Low,0.0010133846389541988
categorical__region_Western Europe,region,Moderate,0.0008020648210339218
categorical__region_Western Europe,region,Severe,0.0018099024819091373
categorical__disaster_type_Air,disaster_type,Low,0.001068960801950774
categorical__disaster_type_Air,disaster_type,Moderate,0.0006002870979278719
categorical__disaster_type_Air,disaster_type,Severe,0.0016088581110482141
categorical__disaster_type_Animal incident,disaster_type,Low,0.0
categorical__disaster_type_Animal incident,disaster_type,Moderate,0.0
categorical__disaster_type_Animal incident,disaster_type,Severe,0.0
categorical__disaster_type_Chemical spill,disaster_type,Low,2.0107020053839925e-05
categorical__disaster_type_Chemical spill,disaster_type,Moderate,1.324030708795906e-05
categorical__disaster_type_Chemical spill,disaster_type,Severe,6.86671296588267e-06
categorical__disaster_type_Collapse (Industrial),disaster_type,Low,5.083582286875159e-05
categorical__disaster_type_Collapse (Industrial),disaster_type,Moderate,0.00025636838455730536
categorical__disaster_type_Collapse (Industrial),disaster_type,Severe,0.00020553256168855507
categorical__disaster_type_Collapse (Miscellaneous),disaster_type,Low,2.761516830378329e-05
categorical__disaster_type_Collapse (Miscellaneous),disaster_type,Moderate,0.00019831376330791157
categorical__disaster_type_Collapse (Miscellaneous),disaster_type,Severe,0.00022567036615575136
categorical__disaster_type_Drought,disaster_type,Low,2.4486224232796674e-05
categorical__disaster_type_Drought,disaster_type,Moderate,5.179606127085281e-05
categorical__disaster_type_Drought,disaster_type,Severe,2.7375009156487124e-05
categorical__disaster_type_Earthquake,disaster_type,Low,0.0011288093842669535
categorical__disaster_type_Earthquake,disaster_type,Moderate,0.0013137348811125462
categorical__disaster_type_Earthquake,disaster_type,Severe,0.0019688229231133738
categorical__disaster_type_Epidemic,disaster_type,Low,0.0059801927516894065
categorical__disaster_type_Epidemic,disaster_type,Moderate,0.026661462742203195
categorical__disaster_type_Epidemic,disaster_type,Severe,0.020702401090806948
categorical__disaster_type_Explosion (Industrial),disaster_type,Low,8.13418284656718e-05
categorical__disaster_type_Explosion (Industrial),disaster_type,Moderate,0.00012352215748525144
categorical__disaster_type_Explosion (Industrial),disaster_type,Severe,0.00018472826092365082
categorical__disaster_type_Explosion (Miscellaneous),disaster_type,Low,1.3327058528915932e-05
categorical__disaster_type_Explosion (Miscellaneous),disaster_type,Moderate,5.5405102322138564e-05
categorical__disaster_type_Explosion (Miscellaneous),disaster_type,Severe,6.186651031479522e-05
categorical__disaster_type_Extreme temperature,disaster_type,Low,0.029205798464995682
categorical__disaster_type_Extreme temperature,disaster_type,Moderate,0.002092669597321337
categorical__disaster_type_Extreme temperature,disaster_type,Severe,0.030969021365463572
categorical__disaster_type_Fire (Industrial),disaster_type,Low,6.531505934386491e-06
categorical__disaster_type_Fire (Industrial),disaster_type,Moderate,2.8676132344213877e-05
categorical__disaster_type_Fire (Industrial),disaster_type,Severe,3.02235063449834e-05
categorical__disaster_type_Fire (Miscellaneous),disaster_type,Low,0.0003286365709884381
categorical__disaster_type_Fire (Miscellaneous),disaster_type,Moderate,0.00012065242517042947
categorical__disaster_type_Fire (Miscellaneous),disaster_type,Severe,0.0002721857035393076
categorical__disaster_type_Flood,disaster_type,Low,0.004942153029935776
categorical__disaster_type_Flood,disaster_type,Moderate,0.0018055305539299033
categorical__disaster_type_Flood,disaster_type,Severe,0.0038933619918089415
categorical__disaster_type_Gas leak,disaster_type,Low,3.120235465747916e-05
categorical__disaster_type_Gas leak,disaster_type,Moderate,2.0451052841781953e-05
categorical__disaster_type_Gas leak,disaster_type,Severe,1.0751301815697257e-05
categorical__disaster_type_Glacial lake outburst flood,disaster_type,Low,0.0
categorical__disaster_type_Glacial lake outburst flood,disaster_type,Moderate,0.0
categorical__disaster_type_Glacial lake outburst flood,disaster_type,Severe,0.0
categorical__disaster_type_Industrial accident (General),disaster_type,Low,1.0117407798936836e-05
categorical__disaster_type_Industrial accident (General),disaster_type,Moderate,1.0190858718092613e-05
categorical__disaster_type_Industrial accident (General),disaster_type,Severe,1.6107937726346e-05
categorical__disaster_type_Mass movement (dry),disaster_type,Low,0.0
categorical__disaster_type_Mass movement (dry),disaster_type,Moderate,0.0
categorical__disaster_type_Mass movement (dry),disaster_type,Severe,0.0
categorical__disaster_type_Mass movement (wet),disaster_type,Low,0.00043202261027439987
categorical__disaster_type_Mass movement (wet),disaster_type,Moderate,0.00043736979784335774
categorical__disaster_type_Mass movement (wet),disaster_type,Severe,8.617649334800418e-05
categorical__disaster_type_Miscellaneous accident (General),disaster_type,Low,1.541168875523148e-05
categorical__disaster_type_Miscellaneous accident (General),disaster_type,Moderate,6.23416321336734e-05
categorical__disaster_type_Miscellaneous accident (General),disaster_type,Severe,7.322403004536629e-05
categorical__disaster_type_Oil spill,disaster_type,Low,0.0
categorical__disaster_type_Oil spill,disaster_type,Moderate,0.0
categorical__disaster_type_Oil spill,disaster_type,Severe,0.0
categorical__disaster_type_Poisoning,disaster_type,Low,0.0
categorical__disaster_type_Poisoning,disaster_type,Moderate,0.0
categorical__disaster_type_Poisoning,disaster_type,Severe,0.0
categorical__disaster_type_Radiation,disaster_type,Low,0.0
categorical__disaster_type_Radiation,disaster_type,Moderate,0.0
categorical__disaster_type_Radiation,disaster_type,Severe,0.0
categorical__disaster_type_Rail,disaster_type,Low,0.0004308492158663732
categorical__disaster_type_Rail,disaster_type,Moderate,0.0003749661285187036
categorical__disaster_type_Rail,disaster_type,Severe,9.741047399836487e-05
categorical__disaster_type_Road,disaster_type,Low,0.013115257488916381
categorical__disaster_type_Road,disaster_type,Moderate,0.030693283943729322
categorical__disaster_type_Road,disaster_type,Severe,0.01757802645481272
categorical__disaster_type_Storm,disaster_type,Low,0.01537957908326681
categorical__disaster_type_Storm,disaster_type,Moderate,0.004391185404476742
categorical__disaster_type_Storm,disaster_type,Severe,0.011588841821857373
categorical__disaster_type_Volcanic activity,disaster_type,Low,0.0002974512055013987
categorical__disaster_type_Volcanic activity,disaster_type,Moderate,0.0004326525105255918
categorical__disaster_type_Volcanic activity,disaster_type,Severe,0.00013520130502419256
categorical__disaster_type_Water,disaster_type,Low,0.0034482596691666288
categorical__disaster_type_Water,disaster_type,Moderate,0.002445513208589619
categorical__disaster_type_Water,disaster_type,Severe,0.001019627237426018
categorical__disaster_type_Wildfire,disaster_type,Low,0.00032052416259016435
categorical__disaster_type_Wildfire,disaster_type,Moderate,3.659853358263472e-05
categorical__disaster_type_Wildfire,disaster_type,Severe,0.00034005768455136264
categorical__disaster_subtype_Air,disaster_subtype,Low,0.0010681488723982971
categorical__disaster_subtype_Air,disaster_subtype,Moderate,0.0006228242022888654
categorical__disaster_subtype_Air,disaster_subtype,Severe,0.0016432484858911595
categorical__disaster_subtype_Animal incident,disaster_subtype,Low,0.0
categorical__disaster_subtype_Animal incident,disaster_subtype,Moderate,0.0
categorical__disaster_subtype_Animal incident,disaster_subtype,Severe,0.0
categorical__disaster_subtype_Ash fall,disaster_subtype,Low,0.0002871774061170328
categorical__disaster_subtype_Ash fall,disaster_subtype,Moderate,0.00021484519117355314
categorical__disaster_subtype_Ash fall,disaster_subtype,Severe,7.233221494348151e-05
categorical__disaster_subtype_Avalanche (dry),disaster_subtype,Low,0.0
categorical__disaster_subtype_Avalanche (dry),disaster_subtype,Moderate,0.0
categorical__disaster_subtype_Avalanche (dry),disaster_subtype,Severe,0.0
categorical__disaster_subtype_Avalanche (wet),disaster_subtype,Low,1.9279880832165402e-06
categorical__disaster_subtype_Avalanche (wet),disaster_subtype,Moderate,3.1520790891270345e-05
categorical__disaster_subtype_Avalanche (wet),disaster_subtype,Severe,3.075081344609416e-05
categorical__disaster_subtype_Bacterial disease,disaster_subtype,Low,0.0007878702552121126
categorical__disaster_subtype_Bacterial disease,disaster_subtype,Moderate,0.0035240584155145725
categorical__disaster_subtype_Bacterial disease,disaster_subtype,Severe,0.002752861894301322
categorical__disaster_subtype_Blizzard/Winter storm,disaster_subtype,Low,0.0026691749813147992
categorical__disaster_subtype_Blizzard/Winter storm,disaster_subtype,Moderate,0.0017521918452819858
categorical__disaster_subtype_Blizzard/Winter storm,disaster_subtype,Severe,0.0009169831360328055
categorical__disaster_subtype_Chemical spill,disaster_subtype,Low,3.2027206584323375e-05
categorical__disaster_subtype_Chemical spill,disaster_subtype,Moderate,2.1230229908588605e-05
categorical__disaster_subtype_Chemical spill,disaster_subtype,Severe,1.0796976675738035e-05
categorical__disaster_subtype_Coastal flood,disaster_subtype,Low,0.0
categorical__disaster_subtype_Coastal flood,disaster_subtype,Moderate,0.0
categorical__disaster_subtype_Coastal flood,disaster_subtype,Severe,0.0
categorical__disaster_subtype_Cold wave,disaster_subtype,Low,0.0011275162469057266
categorical__disaster_subtype_Cold wave,disaster_subtype,Moderate,0.0003496271996868029
categorical__disaster_subtype_Cold wave,disaster_subtype,Severe,0.0010688435900404664
categorical__disaster_subtype_Collapse (Industrial),disaster_subtype,Low,7.830847262566747e-05
categorical__disaster_subtype_Collapse (Industrial),disaster_subtype,Moderate,0.00031499561251313883
categorical__disaster_subtype_Collapse (Industrial),disaster_subtype,Severe,0.00023668713988747201
categorical__disaster_subtype_Collapse (Miscellaneous),disaster_subtype,Low,1.0146822260419598e-05
categorical__disaster_subtype_Collapse (Miscellaneous),disaster_subtype,Moderate,0.00011577919990752795
categorical__disaster_subtype_Collapse (Miscellaneous),disaster_subtype,Severe,0.000125915236662799
categorical__disaster_subtype_Derecho,disaster_subtype,Low,0.0
categorical__disaster_subtype_Derecho,disaster_subtype,Moderate,0.0
categorical__disaster_subtype_Derecho,disaster_subtype,Severe,0.0
categorical__disaster_subtype_Drought,disaster_subtype,Low,2.480636606234365e-05
categorical__disaster_subtype_Drought,disaster_subtype,Moderate,4.964152125531746e-05
categorical__disaster_subtype_Drought,disaster_subtype,Severe,2.483515519297383e-05
categorical__disaster_subtype_Explosion (Industrial),disaster_subtype,Low,8.29410196572443e-05
categorical__disaster_subtype_Explosion (Industrial),disaster_subtype,Moderate,0.00011498510349846635
categorical__disaster_subtype_Explosion (Industrial),disaster_subtype,Severe,0.0001433436040820505
categorical__disaster_subtype_Explosion (Miscellaneous),disaster_subtype,Low,5.627941391790064e-06
categorical__disaster_subtype_Explosion (Miscellaneous),disaster_subtype,Moderate,3.668631654004198e-05
categorical__disaster_subtype_Explosion (Miscellaneous),disaster_subtype,Severe,4.092030911590476e-05
categorical__disaster_subtype_Extra-tropical storm,disaster_subtype,Low,8.863950683474289e-06
categorical__disaster_subtype_Extra-tropical storm,disaster_subtype,Moderate,5.7005209511923275e-06
categorical__disaster_subtype_Extra-tropical storm,disaster_subtype,Severe,3.867212958034746e-06
categorical__disaster_subtype_Fire (Industrial),disaster_subtype,Low,6.402884963365229e-06
categorical__disaster_subtype_Fire (Industrial),disaster_subtype,Moderate,1.3529906465837457e-05
categorical__disaster_subtype_Fire (Industrial),disaster_subtype,Severe,1.3097139903808765e-05
categorical__disaster_subtype_Fire (Miscellaneous),disaster_subtype,Low,0.0003003043270085004
categorical__disaster_subtype_Fire (Miscellaneous),disaster_subtype,Moderate,8.85189291580563e-05
categorical__disaster_subtype_Fire (Miscellaneous),disaster_subtype,Severe,0.000273785808805241
categorical__disaster_subtype_Flash flood,disaster_subtype,Low,0.00029380911092869377
categorical__disaster_subtype_Flash flood,disaster_subtype,Moderate,0.00010878347252745773
categorical__disaster_subtype_Flash flood,disaster_subtype,Severe,0.00025544285566622585
categorical__disaster_subtype_Flood (General),disaster_subtype,Low,0.0005141478218382305
categorical__disaster_subtype_Flood (General),disaster_subtype,Moderate,0.0002448423510953219
categorical__disaster_subtype_Flood (General),disaster_subtype,Severe,0.0005599746863736285
categorical__disaster_subtype_Forest fire,disaster_subtype,Low,5.333165986830538e-05
categorical__disaster_subtype_Forest fire,disaster_subtype,Moderate,2.2358447007086845e-05
categorical__disaster_subtype_Forest fire,disaster_subtype,Severe,4.007672353789432e-05
categorical__disaster_subtype_Gas leak,disaster_subtype,Low,3.569722598869902e-05
categorical__disaster_subtype_Gas leak,disaster_subtype,Moderate,2.0665677168317076e-05
categorical__disaster_subtype_Gas leak,disaster_subtype,Severe,1.5031548820382947e-05
categorical__disaster_subtype_Glacial lake outburst flood,disaster_subtype,Low,0.0
categorical__disaster_subtype_Glacial lake outburst flood,disaster_subtype,Moderate,0.0
categorical__disaster_subtype_Glacial lake outburst flood,disaster_subtype,Severe,0.0
categorical__disaster_subtype_Ground movement,disaster_subtype,Low,0.0011406625720010628
categorical__disaster_subtype_Ground movement,disaster_subtype,Moderate,0.0011611543833910903
categorical__disaster_subtype_Ground movement,disaster_subtype,Severe,0.0010307959976098545
categorical__disaster_subtype_Hail,disaster_subtype,Low,3.1659779366753994e-06
categorical__disaster_subtype_Hail,disaster_subtype,Moderate,2.613095522564302e-06
categorical__disaster_subtype_Hail,disaster_subtype,Severe,5.820573753857621e-07
categorical__disaster_subtype_Heat wave,disaster_subtype,Low,0.037778747073588276
categorical__disaster_subtype_Heat wave,disaster_subtype,Moderate,0.005541994658286207
categorical__disaster_subtype_Heat wave,disaster_subtype,Severe,0.0432881577593812
categorical__disaster_subtype_Industrial accident (General),disaster_subtype,Low,1.1080846988444803e-05
categorical__disaster_subtype_Industrial accident (General),disaster_subtype,Moderate,1.2152214202657427e-05
categorical__disaster_subtype_Industrial accident (General),disaster_subtype,Severe,1.8760981107299068e-05
categorical__disaster_subtype_Infectious disease (General),disaster_subtype,Low,7.80176588011892e-06
categorical__disaster_subtype_Infectious disease (General),disaster_subtype,Moderate,0.00011328499485305802
categorical__disaster_subtype_Infectious disease (General),disaster_subtype,Severe,0.00011152316162365613
"categorical__disaster_subtype_Land fire (Brush, Bush, Pasture)",disaster_subtype,Low,3.7638246453578712e-06
"categorical__disaster_subtype_Land fire (Brush, Bush, Pasture)",disaster_subtype,Moderate,9.349160484387203e-07
"categorical__disaster_subtype_Land fire (Brush, Bush, Pasture)",disaster_subtype,Severe,3.071097414660087e-06
categorical__disaster_subtype_Landslide (dry),disaster_subtype,Low,0.0
categorical__disaster_subtype_Landslide (dry),disaster_subtype,Moderate,0.0
categorical__disaster_subtype_Landslide (dry),disaster_subtype,Severe,0.0
categorical__disaster_subtype_Landslide (wet),disaster_subtype,Low,0.0002600843079127641
categorical__disaster_subtype_Landslide (wet),disaster_subtype,Moderate,0.00021884851229904488
categorical__disaster_subtype_Landslide (wet),disaster_subtype,Severe,8.839943192681116e-05
categorical__disaster_subtype_Lava flow,disaster_subtype,Low,0.0
categorical__disaster_subtype_Lava flow,disaster_subtype,Moderate,0.0
categorical__disaster_subtype_Lava flow,disaster_subtype,Severe,0.0
categorical__disaster_subtype_Lightning/Thunderstorms,disaster_subtype,Low,3.2746775137098653e-05
categorical__disaster_subtype_Lightning/Thunderstorms,disaster_subtype,Moderate,0.000409414010693986
categorical__disaster_subtype_Lightning/Thunderstorms,disaster_subtype,Severe,0.00038578609040808883
categorical__disaster_subtype_Miscellaneous accident (General),disaster_subtype,Low,1.962163681897469e-05
categorical__disaster_subtype_Miscellaneous accident (General),disaster_subtype,Moderate,6.73178975595686e-05
categorical__disaster_subtype_Miscellaneous accident (General),disaster_subtype,Severe,8.687257157662848e-05
categorical__disaster_subtype_Mudslide,disaster_subtype,Low,5.6841941164443906e-05
categorical__disaster_subtype_Mudslide,disaster_subtype,Moderate,6.236573079493507e-05
categorical__disaster_subtype_Mudslide,disaster_subtype,Severe,1.0902910235684474e-05
categorical__disaster_subtype_Oil spill,disaster_subtype,Low,0.0
categorical__disaster_subtype_Oil spill,disaster_subtype,Moderate,0.0
categorical__disaster_subtype_Oil spill,disaster_subtype,Severe,0.0
categorical__disaster_subtype_Parasitic disease,disaster_subtype,Low,1.9702461643499732e-06
categorical__disaster_subtype_Parasitic disease,disaster_subtype,Moderate,5.673582630244347e-06
categorical__disaster_subtype_Parasitic disease,disaster_subtype,Severe,7.628502155608244e-06
categorical__disaster_subtype_Poisoning,disaster_subtype,Low,0.0
categorical__disaster_subtype_Poisoning,disaster_subtype,Moderate,0.0
categorical__disaster_subtype_Poisoning,disaster_subtype,Severe,0.0
categorical__disaster_subtype_Pyroclastic flow,disaster_subtype,Low,0.0
categorical__disaster_subtype_Pyroclastic flow,disaster_subtype,Moderate,0.0
categorical__disaster_subtype_Pyroclastic flow,disaster_subtype,Severe,0.0
categorical__disaster_subtype_Radiation,disaster_subtype,Low,0.0
categorical__disaster_subtype_Radiation,disaster_subtype,Moderate,0.0
categorical__disaster_subtype_Radiation,disaster_subtype,Severe,0.0
categorical__disaster_subtype_Rail,disaster_subtype,Low,0.0003340945624987922
categorical__disaster_subtype_Rail,disaster_subtype,Moderate,0.00032261196168488504
categorical__disaster_subtype_Rail,disaster_subtype,Severe,7.298897607739197e-05
categorical__disaster_subtype_Riverine flood,disaster_subtype,Low,0.00042253832295650824
categorical__disaster_subtype_Riverine flood,disaster_subtype,Moderate,0.0005570039738550451
categorical__disaster_subtype_Riverine flood,disaster_subtype,Severe,0.00021959422519410312
categorical__disaster_subtype_Road,disaster_subtype,Low,0.014981528195575019
categorical__disaster_subtype_Road,disaster_subtype,Moderate,0.033996093926474284
categorical__disaster_subtype_Road,disaster_subtype,Severe,0.01901456573089946
categorical__disaster_subtype_Rockfall (dry),disaster_subtype,Low,0.0
categorical__disaster_subtype_Rockfall (dry),disaster_subtype,Moderate,0.0
categorical__disaster_subtype_Rockfall (dry),disaster_subtype,Severe,0.0
categorical__disaster_subtype_Rockfall (wet),disaster_subtype,Low,0.0
categorical__disaster_subtype_Rockfall (wet),disaster_subtype,Moderate,0.0
categorical__disaster_subtype_Rockfall (wet),disaster_subtype,Severe,0.0
categorical__disaster_subtype_Sand/Dust storm,disaster_subtype,Low,0.0
categorical__disaster_subtype_Sand/Dust storm,disaster_subtype,Moderate,0.0
categorical__disaster_subtype_Sand/Dust storm,disaster_subtype,Severe,0.0
categorical__disaster_subtype_Severe weather,disaster_subtype,Low,2.899872419448275e-05
categorical__disaster_subtype_Severe weather,disaster_subtype,Moderate,2.372121446414301e-05
categorical__disaster_subtype_Severe weather,disaster_subtype,Severe,3.571717956492762e-05
categorical__disaster_subtype_Severe winter conditions,disaster_subtype,Low,0.0001576495967508869
categorical__disaster_subtype_Severe winter conditions,disaster_subtype,Moderate,2.9676645063085706e-05
categorical__disaster_subtype_Severe winter conditions,disaster_subtype,Severe,0.0001770957245905014
categorical__disaster_subtype_Storm (General),disaster_subtype,Low,5.637005650525022e-05
categorical__disaster_subtype_Storm (General),disaster_subtype,Moderate,0.00010353858267996521
categorical__disaster_subtype_Storm (General),disaster_subtype,Severe,6.511729749177834e-05
categorical__disaster_subtype_Storm surge,disaster_subtype,Low,0.0
categorical__disaster_subtype_Storm surge,disaster_subtype,Moderate,0.0
categorical__disaster_subtype_Storm surge,disaster_subtype,Severe,0.0
categorical__disaster_subtype_Sudden Subsidence (wet),disaster_subtype,Low,0.0
categorical__disaster_subtype_Sudden Subsidence (wet),disaster_subtype,Moderate,0.0
categorical__disaster_subtype_Sudden Subsidence (wet),disaster_subtype,Severe,0.0
categorical__disaster_subtype_Tornado,disaster_subtype,Low,8.001107449951443e-05
categorical__disaster_subtype_Tornado,disaster_subtype,Moderate,2.5832647866543293e-05
categorical__disaster_subtype_Tornado,disaster_subtype,Severe,8.555849476642147e-05
categorical__disaster_subtype_Tropical cyclone,disaster_subtype,Low,0.0014493099656500551
categorical__disaster_subtype_Tropical cyclone,disaster_subtype,Moderate,0.0015491159544162524
categorical__disaster_subtype_Tropical cyclone,disaster_subtype,Severe,0.0028642295889862927
categorical__disaster_subtype_Tsunami,disaster_subtype,Low,0.00027801475293958545
categorical__disaster_subtype_Tsunami,disaster_subtype,Moderate,7.073529437114062e-05
categorical__disaster_subtype_Tsunami,disaster_subtype,Severe,0.00034875004731072895
categorical__disaster_subtype_Viral disease,disaster_subtype,Low,0.0003845710054428132
categorical__disaster_subtype_Viral disease,disaster_subtype,Moderate,0.002433788338185019
categorical__disaster_subtype_Viral disease,disaster_subtype,Severe,0.002113639849071116
categorical__disaster_subtype_Volcanic activity (General),disaster_subtype,Low,0.0
categorical__disaster_subtype_Volcanic activity (General),disaster_subtype,Moderate,0.0
categorical__disaster_subtype_Volcanic activity (General),disaster_subtype,Severe,0.0
categorical__disaster_subtype_Water,disaster_subtype,Low,0.0034591477309914823
categorical__disaster_subtype_Water,disaster_subtype,Moderate,0.0028353853659293105
categorical__disaster_subtype_Water,disaster_subtype,Severe,0.0007004951561320945
categorical__disaster_subtype_Wildfire (General),disaster_subtype,Low,0.0
categorical__disaster_subtype_Wildfire (General),disaster_subtype,Moderate,0.0
categorical__disaster_subtype_Wildfire (General),disaster_subtype,Severe,0.0
categorical__date_granularity_day,date_granularity,Low,0.0009647303187415998
categorical__date_granularity_day,date_granularity,Moderate,0.00030401168821634874
categorical__date_granularity_day,date_granularity,Severe,0.0010602128103356539
categorical__date_granularity_month,date_granularity,Low,0.0007896924429180503
categorical__date_granularity_month,date_granularity,Moderate,0.0002799509417808676
categorical__date_granularity_month,date_granularity,Severe,0.0008343390063529937
categorical__date_granularity_year,date_granularity,Low,5.516826057040553e-06
categorical__date_granularity_year,date_granularity,Moderate,1.6106191277491026e-05
categorical__date_granularity_year,date_granularity,Severe,2.1623017334531267e-05
numeric__year,year,Low,0.012075789092836315
numeric__year,year,Moderate,0.013477959630855692
numeric__year,year,Severe,0.02522018357821265
numeric__date_imputed,date_imputed,Low,0.000850769973768032
numeric__date_imputed,date_imputed,Moderate,0.0003878457050491996
numeric__date_imputed,date_imputed,Severe,0.0010320273709166683
numeric__historical_frequency,historical_frequency,Low,0.024963037239514835
numeric__historical_frequency,historical_frequency,Moderate,0.016356998991708123
numeric__historical_frequency,historical_frequency,Severe,0.013710636531367726
numeric__hdi,hdi,Low,0.07538356111713052
numeric__hdi,hdi,Moderate,0.022119229163807423
numeric__hdi,hdi,Severe,0.06242130273119743
numeric__hdi_missing,hdi_missing,Low,0.00033665240766408077
numeric__hdi_missing,hdi_missing,Moderate,0.00033555698630925837
numeric__hdi_missing,hdi_missing,Severe,0.00034678288746889645
numeric__event_month,event_month,Low,0.006565831053784559
numeric__event_month,event_month,Moderate,0.005848016167401171
numeric__event_month,event_month,Severe,0.01008634406993836
numeric__month_missing,month_missing,Low,1.5670147708032883e-06
numeric__month_missing,month_missing,Moderate,9.65913609721842e-06
numeric__month_missing,month_missing,Severe,1.0234763770276017e-05
numeric__magnitude_robust_z,magnitude_robust_z,Low,0.019725723182304165
numeric__magnitude_robust_z,magnitude_robust_z,Moderate,0.0028401778992915576
numeric__magnitude_robust_z,magnitude_robust_z,Severe,0.020009313912532745
numeric__magnitude_missing,magnitude_missing,Low,0.005551566686258172
numeric__magnitude_missing,magnitude_missing,Moderate,0.001666129955931292
numeric__magnitude_missing,magnitude_missing,Severe,0.006889017930588219
numeric__magnitude_group_unknown,magnitude_group_unknown,Low,0.19163897810441716
numeric__magnitude_group_unknown,magnitude_group_unknown,Moderate,0.16594312770465328
numeric__magnitude_group_unknown,magnitude_group_unknown,Severe,0.04979659319541287
